Srbija,SE,Beograd,11-Jan-18 12:00:00 AM,17522,3.9,748.6,85,4
Srbija,SE,Beograd,11-Jan-18 1:00:00 AM,17226,3.7,748.3,86,4
Srbija,SE,Beograd,11-Jan-18 2:00:00 AM,17124,3.8,748.2,83,3
Srbija,SE,Beograd,11-Jan-18 3:00:00 AM,17528,3.9,748.1,85,2
Srbija,SE,Beograd,11-Jan-18 4:00:00 AM,18411,4,748,80,3
Srbija,SE,Beograd,11-Jan-18 5:00:00 AM,20388,4,748,82,3
Srbija,SE,Beograd,11-Jan-18 6:00:00 AM,22034,4.4,748,82,3
Srbija,SE,Beograd,11-Jan-18 7:00:00 AM,22338,4.6,748,82,3
Srbija,SE,Beograd,11-Jan-18 8:00:00 AM,21940,5.1,748,76,3
Srbija,SE,Beograd,11-Jan-18 9:00:00 AM,22202,6.3,748.4,73,1
Srbija,SE,Beograd,11-Jan-18 10:00:00 AM,22186,7.1,748.8,68,2
Srbija,SE,Beograd,11-Jan-18 11:00:00 AM,22358,8.7,748.6,65,1
Srbija,SE,Beograd,11-Jan-18 12:00:00 PM,22426,7.9,748.5,66,1
Srbija,SE,Beograd,11-Jan-18 1:00:00 PM,22458,7.9,748.1,67,1
Srbija,SE,Beograd,11-Jan-18 2:00:00 PM,22894,8.5,748,68,1
Srbija,SE,Beograd,11-Jan-18 3:00:00 PM,23177,8.3,748.6,70,1
Srbija,SE,Beograd,11-Jan-18 4:00:00 PM,23263,7.2,748.9,74,2
Srbija,SE,Beograd,11-Jan-18 5:00:00 PM,22762,5.9,749.4,85,2
Srbija,SE,Beograd,11-Jan-18 6:00:00 PM,22328,5.3,749.7,84,1
Srbija,SE,Beograd,11-Jan-18 7:00:00 PM,21430,5.2,750.1,85,1
Srbija,SE,Beograd,11-Jan-18 8:00:00 PM,20568,5.2,750.2,88,1
Srbija,SE,Beograd,11-Jan-18 9:00:00 PM,19676,5.2,750.4,89,1
Srbija,SE,Beograd,11-Jan-18 10:00:00 PM,18654,5.2,750.8,89,1
Srbija,SE,Beograd,11-Jan-18 11:00:00 PM,17710,5.1,750.9,93,1
Srbija,SE,Beograd,12-Jan-18 12:00:00 AM,17430,5.1,751.2,94,1
Srbija,SE,Beograd,12-Jan-18 1:00:00 AM,17232,5,751.6,95,1
Srbija,SE,Beograd,12-Jan-18 2:00:00 AM,17283,5,751.8,95,1
Srbija,SE,Beograd,12-Jan-18 3:00:00 AM,17638,5.1,751.9,93,1
Srbija,SE,Beograd,12-Jan-18 4:00:00 AM,18642,5,752.1,95,1
Srbija,SE,Beograd,12-Jan-18 5:00:00 AM,20579,5,752.4,95,0
Srbija,SE,Beograd,12-Jan-18 6:00:00 AM,22852,4.9,752.5,94,1
Srbija,SE,Beograd,12-Jan-18 7:00:00 AM,23065,4.9,752.9,94,1
Srbija,SE,Beograd,12-Jan-18 8:00:00 AM,22836,5.1,753.2,93,1
Srbija,SE,Beograd,12-Jan-18 9:00:00 AM,23118,5.5,753.7,91,1
Srbija,SE,Beograd,12-Jan-18 10:00:00 AM,22970,5.9,754,88,1
Srbija,SE,Beograd,12-Jan-18 11:00:00 AM,22716,6.3,754.1,84,1
Srbija,SE,Beograd,12-Jan-18 12:00:00 PM,22613,6.9,754.1,82,2
Srbija,SE,Beograd,12-Jan-18 1:00:00 PM,22313,6.6,754,83,2
Srbija,SE,Beograd,12-Jan-18 2:00:00 PM,22186,6.7,754,82,2
Srbija,SE,Beograd,12-Jan-18 3:00:00 PM,22388,7.2,754.3,80,1
Srbija,SE,Beograd,12-Jan-18 4:00:00 PM,22546,7.2,754.6,81,1
Srbija,SE,Beograd,12-Jan-18 6:00:00 PM,21311,6.8,755.1,77,2
Srbija,SE,Beograd,12-Jan-18 7:00:00 PM,20267,6.2,755.2,76,4
Srbija,SE,Beograd,12-Jan-18 8:00:00 PM,19636,6.2,755.5,74,4
Srbija,SE,Beograd,12-Jan-18 9:00:00 PM,18613,5.8,755.7,76,4
Srbija,SE,Beograd,12-Jan-18 10:00:00 PM,18172,5.4,756.1,81,4
Srbija,SE,Beograd,12-Jan-18 11:00:00 PM,17309,5,756.3,72,5
Srbija,SE,Beograd,13-Jan-18 12:00:00 AM,17030,4.7,756.3,75,7
Srbija,SE,Beograd,13-Jan-18 1:00:00 AM,16886,4.6,756.3,77,6
Srbija,SE,Beograd,13-Jan-18 2:00:00 AM,16884,4.6,756.4,77,6
Srbija,SE,Beograd,13-Jan-18 4:00:00 AM,17082,4,756.1,79,5
Srbija,SE,Beograd,13-Jan-18 5:00:00 AM,17642,4,756.1,74,6
Srbija,SE,Beograd,13-Jan-18 6:00:00 AM,18588,3.6,756,76,7
Srbija,SE,Beograd,13-Jan-18 7:00:00 AM,19374,3.6,756.1,68,8
Srbija,SE,Beograd,13-Jan-18 8:00:00 AM,19989,3.6,756.5,70,6
Srbija,SE,Beograd,13-Jan-18 9:00:00 AM,20628,3.6,756.6,68,7
Srbija,SE,Beograd,13-Jan-18 10:00:00 AM,20802,3.9,757,66,5
Srbija,SE,Beograd,13-Jan-18 11:00:00 AM,20827,4.2,756.8,62,8
Srbija,SE,Beograd,13-Jan-18 12:00:00 PM,20700,4.2,756.7,62,5
Srbija,SE,Beograd,13-Jan-18 1:00:00 PM,20496,3.9,756.6,63,4
Srbija,SE,Beograd,13-Jan-18 2:00:00 PM,20694,3.8,756.4,64,5
Srbija,SE,Beograd,13-Jan-18 3:00:00 PM,21298,3.3,757,64,4
Srbija,SE,Beograd,13-Jan-18 4:00:00 PM,21386,3.2,757,65,4
Srbija,SE,Beograd,13-Jan-18 5:00:00 PM,21152,2.4,757.4,66,4
Srbija,SE,Beograd,13-Jan-18 6:00:00 PM,20447,2.1,757.6,68,4
Srbija,SE,Beograd,13-Jan-18 7:00:00 PM,19723,2,757.8,70,4
Srbija,SE,Beograd,13-Jan-18 8:00:00 PM,19066,1.9,757.9,71,4
Srbija,SE,Beograd,13-Jan-18 9:00:00 PM,18360,1.5,757.9,71,4
Srbija,SE,Beograd,13-Jan-18 10:00:00 PM,17724,1.1,757.9,71,4
Srbija,SE,Beograd,13-Jan-18 11:00:00 PM,17184,0.8,758,71,3
Srbija,SE,Beograd,14-Jan-18 12:00:00 AM,17005,0.3,757.8,73,5
Srbija,SE,Beograd,14-Jan-18 1:00:00 AM,16804,0.1,757.3,70,6
Srbija,SE,Beograd,14-Jan-18 2:00:00 AM,16851,-0.1,757.5,68,5
Srbija,SE,Beograd,14-Jan-18 3:00:00 AM,16964,-0.6,757.6,69,6
Srbija,SE,Beograd,14-Jan-18 4:00:00 AM,17015,-0.8,757.3,65,5
Srbija,SE,Beograd,14-Jan-18 5:00:00 AM,17426,-1.1,757.4,67,6
Srbija,SE,Beograd,14-Jan-18 6:00:00 AM,17951,-1.1,757.6,67,4
Srbija,SE,Beograd,14-Jan-18 7:00:00 AM,18689,-1.3,757.9,68,5
Srbija,SE,Beograd,14-Jan-18 8:00:00 AM,19430,-1.3,758.2,71,5
Srbija,SE,Beograd,14-Jan-18 9:00:00 AM,19958,-1,758.5,69,4
Srbija,SE,Beograd,14-Jan-18 10:00:00 AM,20360,-0.6,758.5,64,4
Srbija,SE,Beograd,14-Jan-18 11:00:00 AM,20338,-0.2,758.4,60,5
Srbija,SE,Beograd,14-Jan-18 12:00:00 PM,20214,0.3,758,58,6
Srbija,SE,Beograd,14-Jan-18 1:00:00 PM,20318,0.6,757.9,57,5
Srbija,SE,Beograd,14-Jan-18 2:00:00 PM,20704,0.2,758,65,5
Srbija,SE,Beograd,14-Jan-18 3:00:00 PM,21366,-0.8,758,72,5
Srbija,SE,Beograd,14-Jan-18 4:00:00 PM,21628,-1.7,758.2,80,6
Srbija,SE,Beograd,14-Jan-18 5:00:00 PM,21358,-2.2,758.5,90,4
Srbija,SE,Beograd,14-Jan-18 6:00:00 PM,20937,-2.4,758.6,92,4
Srbija,SE,Beograd,14-Jan-18 7:00:00 PM,19964,-2.6,758.8,93,3
Srbija,SE,Beograd,14-Jan-18 8:00:00 PM,19230,-2.8,759.1,96,4
Srbija,SE,Beograd,14-Jan-18 9:00:00 PM,18640,-2.7,759.2,96,4
Srbija,SE,Beograd,14-Jan-18 10:00:00 PM,17810,-2.7,759.3,96,4
Srbija,SE,Beograd,14-Jan-18 11:00:00 PM,17326,-2.8,759.5,96,4
Srbija,SE,Beograd,15-Jan-18 12:00:00 AM,17146,-2.7,759.4,96,3
Srbija,SE,Beograd,15-Jan-18 1:00:00 AM,17170,-2.9,759.2,95,4
Srbija,SE,Beograd,15-Jan-18 2:00:00 AM,17256,-2.8,759.3,94,3
Srbija,SE,Beograd,15-Jan-18 3:00:00 AM,17336,-2.7,759.1,88,3
Srbija,SE,Beograd,15-Jan-18 4:00:00 AM,18170,-2.7,758.8,88,4
Srbija,SE,Beograd,15-Jan-18 5:00:00 AM,20598,-2.7,758.8,83,3
Srbija,SE,Beograd,15-Jan-18 6:00:00 AM,22454,-2.6,758.7,82,4
Srbija,SE,Beograd,15-Jan-18 7:00:00 AM,22770,-2.8,758.6,81,4
Srbija,SE,Beograd,15-Jan-18 8:00:00 AM,22580,-3,758.8,82,4
Srbija,SE,Beograd,15-Jan-18 9:00:00 AM,22816,-2.8,758.8,86,4
Srbija,SE,Beograd,15-Jan-18 10:00:00 AM,22909,-2.4,758.7,78,4
Srbija,SE,Beograd,15-Jan-18 11:00:00 AM,22795,-2,758.4,71,4
Srbija,SE,Beograd,15-Jan-18 12:00:00 PM,22890,-1.8,758.4,70,3
Srbija,SE,Beograd,15-Jan-18 1:00:00 PM,22894,-1.6,757.6,74,2
Srbija,SE,Beograd,15-Jan-18 2:00:00 PM,23322,-1.6,757.3,74,2
Srbija,SE,Beograd,15-Jan-18 3:00:00 PM,23435,-2.4,757.1,86,3
Srbija,SE,Beograd,15-Jan-18 4:00:00 PM,23474,-2.8,756.8,89,3
Srbija,SE,Beograd,15-Jan-18 5:00:00 PM,22961,-3.2,756.8,89,2
Srbija,SE,Beograd,15-Jan-18 6:00:00 PM,22314,-3.4,756.4,90,3
Srbija,SE,Beograd,15-Jan-18 7:00:00 PM,21622,-3.8,756.2,96,4
Srbija,SE,Beograd,15-Jan-18 8:00:00 PM,20765,-3.8,756.1,96,3
Srbija,SE,Beograd,15-Jan-18 9:00:00 PM,19544,-3.8,756.1,89,3
Srbija,SE,Beograd,15-Jan-18 10:00:00 PM,18599,-4,755.7,91,3
Srbija,SE,Beograd,15-Jan-18 11:00:00 PM,18074,-4.1,755.2,89,4
Srbija,SE,Beograd,16-Jan-18 12:00:00 AM,17948,-4.1,754.7,89,4
Srbija,SE,Beograd,16-Jan-18 1:00:00 AM,17773,-4.2,754.2,89,4
Srbija,SE,Beograd,16-Jan-18 2:00:00 AM,17844,-4.4,753.8,91,4
Srbija,SE,Beograd,16-Jan-18 3:00:00 AM,17930,-4.4,752.9,91,4
Srbija,SE,Beograd,16-Jan-18 4:00:00 AM,18524,-4.4,752,91,4
Srbija,SE,Beograd,16-Jan-18 5:00:00 AM,20344,-4.3,751.2,90,4
Srbija,SE,Beograd,16-Jan-18 6:00:00 AM,22366,-3.9,749.8,87,5
Srbija,SE,Beograd,16-Jan-18 7:00:00 AM,22510,-3.3,749,84,5
Srbija,SE,Beograd,16-Jan-18 8:00:00 AM,22350,-2.7,748.6,83,5
Srbija,SE,Beograd,16-Jan-18 9:00:00 AM,22488,-2,748,81,5
Srbija,SE,Beograd,16-Jan-18 10:00:00 AM,22396,-0.6,747.7,80,2
Srbija,SE,Beograd,16-Jan-18 11:00:00 AM,22264,0.6,746.7,82,4
Srbija,SE,Beograd,16-Jan-18 12:00:00 PM,22272,1.7,745.7,81,4
Srbija,SE,Beograd,16-Jan-18 1:00:00 PM,22222,3,744.9,80,1
Srbija,SE,Beograd,16-Jan-18 2:00:00 PM,22347,4.2,744,73,1
Srbija,SE,Beograd,16-Jan-18 3:00:00 PM,22678,4.8,743.2,72,3
Srbija,SE,Beograd,16-Jan-18 4:00:00 PM,23012,4.9,742.8,73,2
Srbija,SE,Beograd,16-Jan-18 5:00:00 PM,22427,5.3,742.3,74,2
Srbija,SE,Beograd,16-Jan-18 6:00:00 PM,22180,6.3,741.9,72,3
Srbija,SE,Beograd,16-Jan-18 7:00:00 PM,21350,7.8,741.8,63,3
Srbija,SE,Beograd,16-Jan-18 8:00:00 PM,20406,8.8,741.6,59,3
Srbija,SE,Beograd,16-Jan-18 9:00:00 PM,19177,9.2,741.6,60,3
Srbija,SE,Beograd,16-Jan-18 10:00:00 PM,18376,9.6,741.6,59,2
Srbija,SE,Beograd,16-Jan-18 11:00:00 PM,17928,10,741.1,57,3
Srbija,SE,Beograd,17-Jan-18 12:00:00 AM,17491,10,740.8,57,3
Srbija,SE,Beograd,17-Jan-18 1:00:00 AM,17356,10.4,740.3,58,3
Srbija,SE,Beograd,17-Jan-18 2:00:00 AM,17342,9.6,740.1,56,3
Srbija,SE,Beograd,17-Jan-18 3:00:00 AM,17528,9.6,739.9,56,2
Srbija,SE,Beograd,17-Jan-18 4:00:00 AM,18300,9,739.9,58,1
Srbija,SE,Beograd,17-Jan-18 5:00:00 AM,20561,9.9,738.1,64,3
Srbija,SE,Beograd,17-Jan-18 6:00:00 AM,22180,10.5,737.4,61,3
Srbija,SE,Beograd,17-Jan-18 7:00:00 AM,22674,11,736.2,60,4
Srbija,SE,Beograd,17-Jan-18 8:00:00 AM,22423,11.1,735.3,59,4
Srbija,SE,Beograd,17-Jan-18 9:00:00 AM,22744,10.2,735.1,78,2
Srbija,SE,Beograd,17-Jan-18 10:00:00 AM,22405,10,735,76,2
Srbija,SE,Beograd,17-Jan-18 12:00:00 PM,22251,6,734,90,5
Srbija,SE,Beograd,17-Jan-18 1:00:00 PM,22370,4.1,733.7,95,3
Srbija,SE,Beograd,17-Jan-18 2:00:00 PM,22792,4.1,734.2,96,3
Srbija,SE,Beograd,17-Jan-18 3:00:00 PM,22958,3.3,735.1,95,3
Srbija,SE,Beograd,17-Jan-18 4:00:00 PM,23294,3.9,735.9,96,2
Srbija,SE,Beograd,17-Jan-18 5:00:00 PM,22960,4.1,737,95,3
Srbija,SE,Beograd,17-Jan-18 6:00:00 PM,22360,4.1,737.8,95,2
Srbija,SE,Beograd,17-Jan-18 7:00:00 PM,21618,3.9,738.2,94,3
Srbija,SE,Beograd,17-Jan-18 8:00:00 PM,20622,4.1,739.2,86,3
Srbija,SE,Beograd,17-Jan-18 9:00:00 PM,19508,4.1,740.6,77,3
Srbija,SE,Beograd,17-Jan-18 10:00:00 PM,18234,3.8,741.5,72,4
Srbija,SE,Beograd,17-Jan-18 11:00:00 PM,17642,3.4,742.4,66,3
Srbija,SE,Beograd,18-Jan-18 12:00:00 AM,17398,3,743.2,64,2
Srbija,SE,Beograd,18-Jan-18 1:00:00 AM,17393,2.2,743.8,71,3
Srbija,SE,Beograd,18-Jan-18 2:00:00 AM,17564,2.1,744.1,73,3
Srbija,SE,Beograd,18-Jan-18 3:00:00 AM,17816,1.6,744.7,76,3
Srbija,SE,Beograd,18-Jan-18 4:00:00 AM,18586,1.7,745,70,3
Srbija,SE,Beograd,18-Jan-18 5:00:00 AM,20374,1,745.6,78,3
Srbija,SE,Beograd,18-Jan-18 6:00:00 AM,22456,1.7,746.2,74,2
Srbija,SE,Beograd,18-Jan-18 7:00:00 AM,22556,1.8,746.7,73,2
Srbija,SE,Beograd,18-Jan-18 8:00:00 AM,22312,2.2,747.9,75,3
Srbija,SE,Beograd,18-Jan-18 9:00:00 AM,22323,2.8,748.5,70,2
Srbija,SE,Beograd,18-Jan-18 10:00:00 AM,22094,3.8,749.2,67,4
Srbija,SE,Beograd,18-Jan-18 11:00:00 AM,22148,5.3,749.5,65,2
Srbija,SE,Beograd,18-Jan-18 12:00:00 PM,21977,6.4,749.7,60,2
Srbija,SE,Beograd,18-Jan-18 1:00:00 PM,22114,6.9,749.5,55,2
Srbija,SE,Beograd,18-Jan-18 2:00:00 PM,22503,6.9,749.2,50,4
Srbija,SE,Beograd,18-Jan-18 3:00:00 PM,22979,7.4,749.2,52,4
Srbija,SE,Beograd,18-Jan-18 4:00:00 PM,23208,7.2,748.9,48,2
Srbija,SE,Beograd,18-Jan-18 5:00:00 PM,22877,5.8,748.1,51,1
Srbija,SE,Beograd,18-Jan-18 6:00:00 PM,22538,4.7,747.7,58,2
Srbija,SE,Beograd,18-Jan-18 7:00:00 PM,21776,4.3,747,62,3
Srbija,SE,Beograd,18-Jan-18 8:00:00 PM,20768,4.1,746.6,56,3
Srbija,SE,Beograd,18-Jan-18 9:00:00 PM,19697,3.8,746.2,54,3
Srbija,SE,Beograd,18-Jan-18 10:00:00 PM,18722,3.9,745.8,51,2
Srbija,SE,Beograd,18-Jan-18 11:00:00 PM,18006,4,745.4,50,2
Srbija,SE,Beograd,19-Jan-18 12:00:00 AM,17751,4.4,745.1,45,2
Srbija,SE,Beograd,19-Jan-18 1:00:00 AM,17681,5,744.7,43,3
Srbija,SE,Beograd,19-Jan-18 2:00:00 AM,17518,4.9,744.7,45,3
Srbija,SE,Beograd,19-Jan-18 3:00:00 AM,18006,5.2,744.4,43,2
Srbija,SE,Beograd,19-Jan-18 4:00:00 AM,18526,5,744.3,48,2
Srbija,SE,Beograd,19-Jan-18 5:00:00 AM,21254,4.9,744.8,48,1
Srbija,SE,Beograd,19-Jan-18 6:00:00 AM,22934,3.1,745.4,62,1
Srbija,SE,Beograd,19-Jan-18 7:00:00 AM,23126,3.8,745.8,57,2
Srbija,SE,Beograd,19-Jan-18 8:00:00 AM,23012,6,746,55,2
Srbija,SE,Beograd,19-Jan-18 9:00:00 AM,22903,7,746.3,52,2
Srbija,SE,Beograd,19-Jan-18 10:00:00 AM,22642,7.8,746.5,45,2
Srbija,SE,Beograd,19-Jan-18 11:00:00 AM,22419,8.8,746.3,49,2
Srbija,SE,Beograd,19-Jan-18 12:00:00 PM,21976,9.8,745.6,46,1
Srbija,SE,Beograd,19-Jan-18 1:00:00 PM,21896,10.8,745.2,46,1
Srbija,SE,Beograd,19-Jan-18 2:00:00 PM,22090,11.6,744.9,45,1
Srbija,SE,Beograd,19-Jan-18 3:00:00 PM,22676,11.9,744.9,46,1
Srbija,SE,Beograd,19-Jan-18 4:00:00 PM,22891,11.4,744.8,57,1
Srbija,SE,Beograd,19-Jan-18 5:00:00 PM,22354,9.6,744.8,67,1
Srbija,SE,Beograd,19-Jan-18 6:00:00 PM,21946,5.4,746.1,86,3
Srbija,SE,Beograd,19-Jan-18 7:00:00 PM,20935,5,747.1,86,3
Srbija,SE,Beograd,19-Jan-18 8:00:00 PM,19911,4.6,747.5,91,2
Srbija,SE,Beograd,19-Jan-18 9:00:00 PM,19132,4.5,748,92,1
Srbija,SE,Beograd,19-Jan-18 10:00:00 PM,18196,4.4,748.6,94,2
Srbija,SE,Beograd,19-Jan-18 11:00:00 PM,17880,4.4,748.9,91,2
Srbija,SE,Beograd,20-Jan-18 12:00:00 AM,17598,4.2,748.9,92,2
Srbija,SE,Beograd,20-Jan-18 1:00:00 AM,17336,3.8,749.1,93,2
Srbija,SE,Beograd,20-Jan-18 2:00:00 AM,17284,3.4,749.2,93,2
Srbija,SE,Beograd,20-Jan-18 3:00:00 AM,17418,3.1,749.3,93,2
Srbija,SE,Beograd,20-Jan-18 4:00:00 AM,17779,3,749.2,93,1
Srbija,SE,Beograd,20-Jan-18 5:00:00 AM,18390,2.6,749.5,96,2
Srbija,SE,Beograd,20-Jan-18 6:00:00 AM,19078,2.4,749.2,92,2
Srbija,SE,Beograd,20-Jan-18 7:00:00 AM,19762,2,749.2,93,1
Srbija,SE,Beograd,20-Jan-18 8:00:00 AM,20330,2,749.3,93,2
Srbija,SE,Beograd,20-Jan-18 9:00:00 AM,20622,1.9,749.8,95,2
Srbija,SE,Beograd,20-Jan-18 10:00:00 AM,20629,2.1,749.7,96,1
Srbija,SE,Beograd,20-Jan-18 11:00:00 AM,20369,2.7,749.7,92,1
Srbija,SE,Beograd,20-Jan-18 12:00:00 PM,20242,3.3,749.5,90,1
Srbija,SE,Beograd,20-Jan-18 1:00:00 PM,20128,3.5,749,85,1
Srbija,SE,Beograd,20-Jan-18 2:00:00 PM,20549,4.3,748.7,77,1
Srbija,SE,Beograd,20-Jan-18 3:00:00 PM,21270,4.3,748.5,74,0
Srbija,SE,Beograd,20-Jan-18 4:00:00 PM,21569,4.2,748.5,73,1
Srbija,SE,Beograd,20-Jan-18 5:00:00 PM,21313,3.9,748.6,77,1
Srbija,SE,Beograd,20-Jan-18 6:00:00 PM,20832,2.9,748.8,85,1
Srbija,SE,Beograd,20-Jan-18 7:00:00 PM,20294,2.3,748.4,87,2
Srbija,SE,Beograd,20-Jan-18 8:00:00 PM,19722,2,748,87,1
Srbija,SE,Beograd,20-Jan-18 9:00:00 PM,18804,1.8,747.4,87,1
Srbija,SE,Beograd,20-Jan-18 10:00:00 PM,18147,2,746.5,87,3
Srbija,SE,Beograd,20-Jan-18 11:00:00 PM,17460,1.7,745.9,83,4
Srbija,SE,Beograd,21-Jan-18 12:00:00 AM,17487,1.4,744.8,83,3
Srbija,SE,Beograd,21-Jan-18 1:00:00 AM,17252,0.8,744.2,87,4
Srbija,SE,Beograd,21-Jan-18 2:00:00 AM,17377,0.8,743.8,90,5
Srbija,SE,Beograd,21-Jan-18 3:00:00 AM,17536,1,743.1,89,4
Srbija,SE,Beograd,21-Jan-18 4:00:00 AM,17787,1.5,742.7,84,3
Srbija,SE,Beograd,21-Jan-18 5:00:00 AM,18155,1.5,742.6,84,3
Srbija,SE,Beograd,21-Jan-18 6:00:00 AM,18646,1.8,742.6,82,3
Srbija,SE,Beograd,21-Jan-18 7:00:00 AM,19346,2,741.8,74,3
Srbija,SE,Beograd,21-Jan-18 8:00:00 AM,20298,2.2,741.1,78,4
Srbija,SE,Beograd,21-Jan-18 9:00:00 AM,20496,3.4,741.1,72,6
Srbija,SE,Beograd,21-Jan-18 10:00:00 AM,20720,3.4,741.9,79,2
Srbija,SE,Beograd,21-Jan-18 11:00:00 AM,20590,2.7,741.7,88,3
Srbija,SE,Beograd,21-Jan-18 12:00:00 PM,20382,2.6,741.6,93,4
Srbija,SE,Beograd,21-Jan-18 1:00:00 PM,20392,2.6,741.5,95,4
Srbija,SE,Beograd,21-Jan-18 2:00:00 PM,20866,2.8,741.4,93,2
Srbija,SE,Beograd,21-Jan-18 3:00:00 PM,21816,2.6,741.9,96,2
Srbija,SE,Beograd,21-Jan-18 4:00:00 PM,22474,2.4,742.6,96,1
Srbija,SE,Beograd,21-Jan-18 5:00:00 PM,22120,2.5,743,95,3
Srbija,SE,Beograd,21-Jan-18 6:00:00 PM,21873,2.9,743.8,94,2
Srbija,SE,Beograd,21-Jan-18 7:00:00 PM,21281,3,744.4,92,2
Srbija,SE,Beograd,21-Jan-18 8:00:00 PM,20269,2.7,745,85,3
Srbija,SE,Beograd,21-Jan-18 9:00:00 PM,19517,1.8,745.6,84,3
Srbija,SE,Beograd,21-Jan-18 10:00:00 PM,18822,1.6,746.1,84,2
Srbija,SE,Beograd,21-Jan-18 11:00:00 PM,18344,1.8,746.4,82,2
Srbija,SE,Beograd,22-Jan-18 12:00:00 AM,18050,1.8,746.8,81,3
Srbija,SE,Beograd,22-Jan-18 1:00:00 AM,18096,1.8,747.2,84,2
Srbija,SE,Beograd,22-Jan-18 2:00:00 AM,18162,1.8,747.7,84,2
Srbija,SE,Beograd,22-Jan-18 3:00:00 AM,18707,1.6,748.1,84,3
Srbija,SE,Beograd,22-Jan-18 4:00:00 AM,19432,1.3,748.6,82,3
Srbija,SE,Beograd,22-Jan-18 5:00:00 AM,21444,1.1,748.7,81,3
Srbija,SE,Beograd,22-Jan-18 6:00:00 AM,23562,1.1,748.9,79,2
Srbija,SE,Beograd,22-Jan-18 7:00:00 AM,23958,0.8,749.2,81,2
Srbija,SE,Beograd,22-Jan-18 8:00:00 AM,23778,0.9,749.6,80,2
Srbija,SE,Beograd,22-Jan-18 9:00:00 AM,23670,1.4,749.6,79,2
Srbija,SE,Beograd,22-Jan-18 10:00:00 AM,23566,1.4,750.2,77,2
Srbija,SE,Beograd,22-Jan-18 11:00:00 AM,23328,2,750.3,74,2
Srbija,SE,Beograd,22-Jan-18 12:00:00 PM,23212,2.1,750.2,75,2
Srbija,SE,Beograd,22-Jan-18 1:00:00 PM,23177,2.6,750.1,73,3
Srbija,SE,Beograd,22-Jan-18 2:00:00 PM,23378,2.4,750.3,72,4
Srbija,SE,Beograd,22-Jan-18 3:00:00 PM,23670,2.4,750.8,74,4
Srbija,SE,Beograd,22-Jan-18 4:00:00 PM,24089,2.2,750.9,78,3
Srbija,SE,Beograd,22-Jan-18 5:00:00 PM,23878,1.5,751.3,81,2
Srbija,SE,Beograd,22-Jan-18 6:00:00 PM,23196,1.1,751.3,83,1
Srbija,SE,Beograd,22-Jan-18 7:00:00 PM,22580,0.4,751,85,1
Srbija,SE,Beograd,22-Jan-18 8:00:00 PM,21704,-0.1,751,88,2
Srbija,SE,Beograd,22-Jan-18 9:00:00 PM,20160,-0.1,751.3,88,1
Srbija,SE,Beograd,22-Jan-18 10:00:00 PM,19162,-0.6,751.3,89,1
Srbija,SE,Beograd,22-Jan-18 11:00:00 PM,18710,-0.6,751.1,89,1
Srbija,SE,Beograd,23-Jan-18 12:00:00 AM,18529,-0.3,750.9,87,1
Srbija,SE,Beograd,23-Jan-18 1:00:00 AM,18374,-0.3,751,85,2
Srbija,SE,Beograd,23-Jan-18 2:00:00 AM,18480,-0.2,750.8,82,2
Srbija,SE,Beograd,23-Jan-18 3:00:00 AM,18953,-0.2,750.9,82,2
Srbija,SE,Beograd,23-Jan-18 4:00:00 AM,19611,-0.2,751.3,82,2
Srbija,SE,Beograd,23-Jan-18 5:00:00 AM,21604,-0.1,751.4,84,2
Srbija,SE,Beograd,23-Jan-18 6:00:00 AM,23402,-0.2,751.7,85,1
Srbija,SE,Beograd,23-Jan-18 7:00:00 AM,23508,0,752.4,85,1
Srbija,SE,Beograd,23-Jan-18 8:00:00 AM,23592,0,753.1,85,1
Srbija,SE,Beograd,23-Jan-18 9:00:00 AM,23472,0.8,754.3,81,1
Srbija,SE,Beograd,23-Jan-18 10:00:00 AM,23400,1.2,754.9,80,2
Srbija,SE,Beograd,23-Jan-18 11:00:00 AM,23494,1.8,755.3,77,2
Srbija,SE,Beograd,23-Jan-18 12:00:00 PM,23194,2,755.6,81,2
Srbija,SE,Beograd,23-Jan-18 1:00:00 PM,23265,1.8,755.9,77,1
Srbija,SE,Beograd,23-Jan-18 2:00:00 PM,23496,2.3,756.4,80,2
Srbija,SE,Beograd,23-Jan-18 3:00:00 PM,23720,2.3,757.2,80,1
Srbija,SE,Beograd,23-Jan-18 4:00:00 PM,24110,1.8,758,84,2
Srbija,SE,Beograd,23-Jan-18 5:00:00 PM,23448,1.8,758.5,84,2
Srbija,SE,Beograd,23-Jan-18 6:00:00 PM,22419,2.2,759.4,73,2
Srbija,SE,Beograd,23-Jan-18 7:00:00 PM,21583,2.2,759.9,80,1
Srbija,SE,Beograd,23-Jan-18 8:00:00 PM,21034,2,760.3,86,1
Srbija,SE,Beograd,23-Jan-18 9:00:00 PM,19649,2,760.7,81,2
Srbija,SE,Beograd,23-Jan-18 10:00:00 PM,18548,1.8,761.2,77,2
Srbija,SE,Beograd,23-Jan-18 11:00:00 PM,18060,1.7,761.4,80,1
Srbija,SE,Beograd,24-Jan-18 12:00:00 AM,17769,1.7,761.6,80,1
Srbija,SE,Beograd,24-Jan-18 1:00:00 AM,17638,1.4,761.8,87,1
Srbija,SE,Beograd,24-Jan-18 2:00:00 AM,17424,1.4,762.1,85,1
Srbija,SE,Beograd,24-Jan-18 3:00:00 AM,17592,1.5,762.2,84,1
Srbija,SE,Beograd,24-Jan-18 4:00:00 AM,18057,1.3,762.5,87,0
Srbija,SE,Beograd,24-Jan-18 5:00:00 AM,19844,1,762.5,87,1
Srbija,SE,Beograd,24-Jan-18 6:00:00 AM,21732,1.3,762.7,84,2
Srbija,SE,Beograd,24-Jan-18 7:00:00 AM,21692,1.4,763,81,2
Srbija,SE,Beograd,24-Jan-18 8:00:00 AM,21234,1.4,763.3,76,2
Srbija,SE,Beograd,24-Jan-18 9:00:00 AM,21278,1.8,763.6,73,2
Srbija,SE,Beograd,24-Jan-18 10:00:00 AM,21015,2.1,763.8,73,3
Srbija,SE,Beograd,24-Jan-18 11:00:00 AM,20667,2.7,763.9,72,3
Srbija,SE,Beograd,24-Jan-18 12:00:00 PM,20302,3.7,763.6,67,2
Srbija,SE,Beograd,24-Jan-18 1:00:00 PM,20340,4.7,763.1,60,4
Srbija,SE,Beograd,24-Jan-18 2:00:00 PM,20524,5.8,763,52,1
Srbija,SE,Beograd,24-Jan-18 3:00:00 PM,21007,5.6,763.1,55,3
Srbija,SE,Beograd,24-Jan-18 4:00:00 PM,21250,4.9,763,57,3
Srbija,SE,Beograd,24-Jan-18 5:00:00 PM,20598,3.8,763,60,3
Srbija,SE,Beograd,24-Jan-18 6:00:00 PM,19840,2.8,763,63,4
Srbija,SE,Beograd,24-Jan-18 7:00:00 PM,19278,2.1,763.4,62,3
Srbija,SE,Beograd,24-Jan-18 8:00:00 PM,18531,1.4,763.1,68,4
Srbija,SE,Beograd,24-Jan-18 9:00:00 PM,17520,1,762.8,68,5
Srbija,SE,Beograd,24-Jan-18 10:00:00 PM,16516,0.4,762.6,71,4
Srbija,SE,Beograd,24-Jan-18 11:00:00 PM,16042,0.2,762.4,76,4
Srbija,SE,Beograd,25-Jan-18 12:00:00 AM,15920,-0.1,761.8,78,4
Srbija,SE,Beograd,25-Jan-18 1:00:00 AM,16058,-0.6,761.3,78,5
Srbija,SE,Beograd,25-Jan-18 2:00:00 AM,15908,-0.7,761,79,4
Srbija,SE,Beograd,25-Jan-18 3:00:00 AM,16165,-0.7,760.9,79,4
Srbija,SE,Beograd,25-Jan-18 4:00:00 AM,16834,-1,760.3,83,3
Srbija,SE,Beograd,25-Jan-18 5:00:00 AM,18760,-1,760,83,3
Srbija,SE,Beograd,25-Jan-18 6:00:00 AM,20534,-1.3,759.8,85,4
Srbija,SE,Beograd,25-Jan-18 7:00:00 AM,20648,-1.3,759.7,77,4
Srbija,SE,Beograd,25-Jan-18 8:00:00 AM,20386,-1,759.3,76,5
Srbija,SE,Beograd,25-Jan-18 9:00:00 AM,20268,0.1,759.1,70,5
Srbija,SE,Beograd,25-Jan-18 10:00:00 AM,20122,2.4,758.9,63,5
Srbija,SE,Beograd,25-Jan-18 11:00:00 AM,19756,4.3,758.8,54,4
Srbija,SE,Beograd,25-Jan-18 12:00:00 PM,19742,5.7,758.2,50,3
Srbija,SE,Beograd,25-Jan-18 1:00:00 PM,19930,6.7,757.7,49,3
Srbija,SE,Beograd,25-Jan-18 2:00:00 PM,20285,7.6,764.5,48,3
Srbija,SE,Beograd,25-Jan-18 3:00:00 PM,20851,7.8,756.8,48,3
Srbija,SE,Beograd,25-Jan-18 4:00:00 PM,21042,7.2,756.7,50,2
Srbija,SE,Beograd,25-Jan-18 5:00:00 PM,20904,5.8,756.7,56,2
Srbija,SE,Beograd,25-Jan-18 6:00:00 PM,20402,4.9,756.7,59,2
Srbija,SE,Beograd,25-Jan-18 7:00:00 PM,19772,4.1,756.6,61,2
Srbija,SE,Beograd,25-Jan-18 8:00:00 PM,18824,3.4,756.4,62,4
Srbija,SE,Beograd,25-Jan-18 9:00:00 PM,17514,2.5,756.3,64,4
Srbija,SE,Beograd,25-Jan-18 10:00:00 PM,16826,2.3,756.1,63,3
Srbija,SE,Beograd,25-Jan-18 11:00:00 PM,16262,1.8,756.1,66,4
Srbija,SE,Beograd,26-Jan-18 12:00:00 AM,15910,1.2,756.1,69,4
Srbija,SE,Beograd,26-Jan-18 1:00:00 AM,15721,0.7,756,69,4
Srbija,SE,Beograd,26-Jan-18 2:00:00 AM,15900,0.4,756,71,4
Srbija,SE,Beograd,26-Jan-18 3:00:00 AM,16146,0.1,755.8,70,4
Srbija,SE,Beograd,26-Jan-18 4:00:00 AM,16946,0.2,755.5,69,4
Srbija,SE,Beograd,26-Jan-18 6:00:00 AM,20747,0,755.6,66,6
Srbija,SE,Beograd,26-Jan-18 7:00:00 AM,20936,-0.1,755.7,66,5
Srbija,SE,Beograd,26-Jan-18 8:00:00 AM,20826,0.1,756,65,4
Srbija,SE,Beograd,26-Jan-18 9:00:00 AM,20827,1.6,755.8,63,4
Srbija,SE,Beograd,26-Jan-18 10:00:00 AM,20708,3.9,755.8,60,4
Srbija,SE,Beograd,26-Jan-18 11:00:00 AM,20360,6.6,755.7,54,3
Srbija,SE,Beograd,26-Jan-18 12:00:00 PM,20013,8,755.4,49,3
Srbija,SE,Beograd,26-Jan-18 1:00:00 PM,19828,9.2,755.2,47,3
Srbija,SE,Beograd,26-Jan-18 2:00:00 PM,19946,10,755,47,3
Srbija,SE,Beograd,26-Jan-18 3:00:00 PM,20500,10.1,755.3,48,3
Srbija,SE,Beograd,26-Jan-18 4:00:00 PM,20882,9.2,755.4,51,3
Srbija,SE,Beograd,26-Jan-18 5:00:00 PM,20594,7.4,755.9,54,4
Srbija,SE,Beograd,26-Jan-18 6:00:00 PM,20036,6.1,756.2,57,3
Srbija,SE,Beograd,26-Jan-18 7:00:00 PM,18942,4.6,756.6,63,3
Srbija,SE,Beograd,26-Jan-18 8:00:00 PM,18290,3.2,757,65,4
Srbija,SE,Beograd,26-Jan-18 9:00:00 PM,17477,2.9,757.3,64,5
Srbija,SE,Beograd,26-Jan-18 10:00:00 PM,16942,2.4,757.4,65,4
Srbija,SE,Beograd,26-Jan-18 11:00:00 PM,15996,2.2,757.6,66,4
Srbija,SE,Beograd,27-Jan-18 12:00:00 AM,15784,2,757.7,67,4
Srbija,SE,Beograd,27-Jan-18 1:00:00 AM,15640,1.8,757.9,66,5
Srbija,SE,Beograd,27-Jan-18 2:00:00 AM,15648,1.7,758,66,5
Srbija,SE,Beograd,27-Jan-18 3:00:00 AM,15682,1.5,757.9,67,4
Srbija,SE,Beograd,27-Jan-18 4:00:00 AM,15797,1.4,758,68,4
Srbija,SE,Beograd,27-Jan-18 5:00:00 AM,16812,1.1,758.3,69,4
Srbija,SE,Beograd,27-Jan-18 6:00:00 AM,17486,1,758.6,68,4
Srbija,SE,Beograd,27-Jan-18 7:00:00 AM,18319,0.9,759.1,70,4
Srbija,SE,Beograd,27-Jan-18 8:00:00 AM,19081,0.8,759.5,73,4
Srbija,SE,Beograd,27-Jan-18 9:00:00 AM,19246,2.2,759.8,69,2
Srbija,SE,Beograd,27-Jan-18 10:00:00 AM,19186,4.6,760.1,60,2
Srbija,SE,Beograd,27-Jan-18 11:00:00 AM,18930,6.4,760.3,62,1
Srbija,SE,Beograd,27-Jan-18 12:00:00 PM,18462,7.7,760.6,59,1
Srbija,SE,Beograd,27-Jan-18 1:00:00 PM,18242,8,760.6,54,1
Srbija,SE,Beograd,27-Jan-18 2:00:00 PM,18538,8.8,760.6,55,1
Srbija,SE,Beograd,27-Jan-18 3:00:00 PM,19414,8.5,760.6,51,1
Srbija,SE,Beograd,27-Jan-18 4:00:00 PM,20003,8.8,760.7,55,1
Srbija,SE,Beograd,27-Jan-18 5:00:00 PM,19416,7.7,761.3,62,1
Srbija,SE,Beograd,27-Jan-18 6:00:00 PM,18744,6.4,761.8,71,1
Srbija,SE,Beograd,27-Jan-18 7:00:00 PM,18118,5,762.2,75,1
Srbija,SE,Beograd,27-Jan-18 8:00:00 PM,17628,3.9,762.6,81,1
Srbija,SE,Beograd,27-Jan-18 9:00:00 PM,17074,3.6,762.7,81,1
Srbija,SE,Beograd,27-Jan-18 10:00:00 PM,16721,2.9,762.9,85,1
Srbija,SE,Beograd,27-Jan-18 11:00:00 PM,16483,2.5,763.2,87,1
Srbija,SE,Beograd,28-Jan-18 12:00:00 AM,16108,1.6,763.4,90,1
Srbija,SE,Beograd,28-Jan-18 1:00:00 AM,15883,2,763.6,93,1
Srbija,SE,Beograd,28-Jan-18 2:00:00 AM,15956,1.8,763.9,92,1
Srbija,SE,Beograd,28-Jan-18 3:00:00 AM,16096,1,763.9,94,1
Srbija,SE,Beograd,28-Jan-18 4:00:00 AM,16336,0.2,763.9,97,1
Srbija,SE,Beograd,28-Jan-18 5:00:00 AM,16651,-0.4,764,96,2
Srbija,SE,Beograd,28-Jan-18 6:00:00 AM,16888,-0.7,764.4,96,1
Srbija,SE,Beograd,28-Jan-18 7:00:00 AM,17458,-0.4,764.6,96,1
Srbija,SE,Beograd,28-Jan-18 8:00:00 AM,18114,0.2,764.9,94,1
Srbija,SE,Beograd,28-Jan-18 9:00:00 AM,18601,0.6,765,88,1
Srbija,SE,Beograd,28-Jan-18 10:00:00 AM,18778,1.3,765.4,92,1
Srbija,SE,Beograd,28-Jan-18 11:00:00 AM,18903,1.7,765.4,93,2
Srbija,SE,Beograd,28-Jan-18 12:00:00 PM,18953,2.2,765.1,91,2
Srbija,SE,Beograd,28-Jan-18 1:00:00 PM,18756,2.1,764.8,94,2
Srbija,SE,Beograd,28-Jan-18 2:00:00 PM,18872,2.5,764.5,93,2
Srbija,SE,Beograd,28-Jan-18 3:00:00 PM,19566,2.4,764.2,94,1
Srbija,SE,Beograd,28-Jan-18 4:00:00 PM,19819,2.4,764.2,94,1
Srbija,SE,Beograd,28-Jan-18 5:00:00 PM,19831,2.2,764.2,95,1
Srbija,SE,Beograd,28-Jan-18 6:00:00 PM,19423,2.1,764.1,96,2
Srbija,SE,Beograd,28-Jan-18 7:00:00 PM,18994,2,763.9,97,1
Srbija,SE,Beograd,28-Jan-18 8:00:00 PM,18328,1.6,763.8,97,1
Srbija,SE,Beograd,28-Jan-18 9:00:00 PM,17478,1.4,763.6,97,1
Srbija,SE,Beograd,28-Jan-18 10:00:00 PM,16841,1.2,763.4,96,1
Srbija,SE,Beograd,28-Jan-18 11:00:00 PM,16286,1.2,763.3,96,1
Srbija,SE,Beograd,29-Jan-18 12:00:00 AM,16083,0.6,763,97,1
Srbija,SE,Beograd,29-Jan-18 1:00:00 AM,16054,0,763.2,94,0
Srbija,SE,Beograd,29-Jan-18 2:00:00 AM,16056,0.1,762.9,98,1
Srbija,SE,Beograd,29-Jan-18 3:00:00 AM,16538,0.1,763.1,98,1
Srbija,SE,Beograd,29-Jan-18 4:00:00 AM,17236,-0.8,763.1,100,1
Srbija,SE,Beograd,29-Jan-18 5:00:00 AM,18997,-1,762.5,96,1
Srbija,SE,Beograd,29-Jan-18 6:00:00 AM,20788,-0.9,762.4,96,1
Srbija,SE,Beograd,29-Jan-18 7:00:00 AM,21086,-0.4,762.2,96,1
Srbija,SE,Beograd,29-Jan-18 8:00:00 AM,21136,-0.1,762.2,92,1
Srbija,SE,Beograd,29-Jan-18 9:00:00 AM,21328,0.6,762.4,94,1
Srbija,SE,Beograd,29-Jan-18 10:00:00 AM,21390,2.8,762.2,81,1
Srbija,SE,Beograd,29-Jan-18 11:00:00 AM,21202,4.1,762,93,1
Srbija,SE,Beograd,29-Jan-18 12:00:00 PM,21148,6.9,761.4,86,1
Srbija,SE,Beograd,29-Jan-18 1:00:00 PM,20970,10.1,760.6,66,1
Srbija,SE,Beograd,29-Jan-18 2:00:00 PM,21287,11.2,760,55,2
Srbija,SE,Beograd,29-Jan-18 3:00:00 PM,21822,12.4,759.7,51,1
Srbija,SE,Beograd,29-Jan-18 4:00:00 PM,22310,12.1,759.1,52,1
Srbija,SE,Beograd,29-Jan-18 5:00:00 PM,22123,10.9,758.8,62,1
Srbija,SE,Beograd,29-Jan-18 6:00:00 PM,21199,9.2,758.4,70,2
Srbija,SE,Beograd,29-Jan-18 7:00:00 PM,20334,8.7,758.1,72,2
Srbija,SE,Beograd,29-Jan-18 8:00:00 PM,19594,8.9,757.6,64,1
Srbija,SE,Beograd,29-Jan-18 9:00:00 PM,18542,9.4,757.3,59,2
Srbija,SE,Beograd,29-Jan-18 10:00:00 PM,17774,9.7,756.8,59,2
Srbija,SE,Beograd,29-Jan-18 11:00:00 PM,17183,10,756.5,56,2
Srbija,SE,Beograd,30-Jan-18 1:00:00 AM,17037,9.9,755.4,54,2
Srbija,SE,Beograd,30-Jan-18 2:00:00 AM,17016,9.6,755.1,55,2
Srbija,SE,Beograd,30-Jan-18 3:00:00 AM,17138,7.6,754.8,63,0
Srbija,SE,Beograd,30-Jan-18 4:00:00 AM,17780,5,754.4,71,0
Srbija,SE,Beograd,30-Jan-18 5:00:00 AM,20212,5.1,754.4,75,0
Srbija,SE,Beograd,30-Jan-18 6:00:00 AM,22114,5.1,755.2,75,1
Srbija,SE,Beograd,30-Jan-18 7:00:00 AM,22057,4.7,756.3,75,1
Srbija,SE,Beograd,30-Jan-18 8:00:00 AM,22158,6,757,70,1
Srbija,SE,Beograd,30-Jan-18 9:00:00 AM,22027,7.2,757.6,69,2
Srbija,SE,Beograd,30-Jan-18 10:00:00 AM,21816,8.4,758.3,68,1
Srbija,SE,Beograd,30-Jan-18 11:00:00 AM,21330,10.4,758.8,62,3
Srbija,SE,Beograd,30-Jan-18 12:00:00 PM,20935,12.6,758.5,57,2
Srbija,SE,Beograd,30-Jan-18 1:00:00 PM,20860,13.5,758.3,53,3
Srbija,SE,Beograd,30-Jan-18 2:00:00 PM,21135,13.6,758.3,53,2
Srbija,SE,Beograd,30-Jan-18 3:00:00 PM,21704,13.4,758.7,56,2
Srbija,SE,Beograd,30-Jan-18 4:00:00 PM,22523,12.2,758.8,62,2
Srbija,SE,Beograd,30-Jan-18 5:00:00 PM,22276,10.7,758.8,63,1
Srbija,SE,Beograd,30-Jan-18 6:00:00 PM,21450,9.8,759,67,1
Srbija,SE,Beograd,30-Jan-18 7:00:00 PM,20974,9.2,759,69,1
Srbija,SE,Beograd,30-Jan-18 8:00:00 PM,19998,8.4,759.2,73,1
Srbija,SE,Beograd,30-Jan-18 9:00:00 PM,18732,7,759.2,80,1
Srbija,SE,Beograd,30-Jan-18 10:00:00 PM,17585,5.7,759.2,86,1
Srbija,SE,Beograd,30-Jan-18 11:00:00 PM,16850,5.6,759.1,87,1
Srbija,SE,Beograd,31-Jan-18 12:00:00 AM,16702,4.4,759.1,88,1
Srbija,SE,Beograd,31-Jan-18 1:00:00 AM,16518,4.3,758.8,88,1
Srbija,SE,Beograd,31-Jan-18 2:00:00 AM,16416,4,758.6,90,1
Srbija,SE,Beograd,31-Jan-18 3:00:00 AM,16970,4.5,758.5,87,1
Srbija,SE,Beograd,31-Jan-18 4:00:00 AM,17693,4.3,757.9,88,2
Srbija,SE,Beograd,31-Jan-18 5:00:00 AM,19732,4.8,757.6,84,3
Srbija,SE,Beograd,31-Jan-18 6:00:00 AM,21582,4.9,757.3,76,3
Srbija,SE,Beograd,31-Jan-18 7:00:00 AM,21565,5,751.1,72,3
Srbija,SE,Beograd,31-Jan-18 8:00:00 AM,21342,5,756.7,72,3
Srbija,SE,Beograd,31-Jan-18 9:00:00 AM,21495,7.2,756.4,60,4
Srbija,SE,Beograd,31-Jan-18 10:00:00 AM,21403,9,756.1,53,4
Srbija,SE,Beograd,31-Jan-18 11:00:00 AM,21366,10.8,755.6,48,5
Srbija,SE,Beograd,31-Jan-18 12:00:00 PM,21448,11.8,750.5,46,4
Srbija,SE,Beograd,31-Jan-18 1:00:00 PM,21430,13,753.7,44,4
Srbija,SE,Beograd,31-Jan-18 2:00:00 PM,21775,13.6,753.1,43,3
Srbija,SE,Beograd,31-Jan-18 3:00:00 PM,22161,13.8,752.5,43,2
Srbija,SE,Beograd,31-Jan-18 4:00:00 PM,22558,13.9,752.1,47,1
Srbija,SE,Beograd,31-Jan-18 5:00:00 PM,22062,11.8,751.9,50,1
Srbija,SE,Beograd,31-Jan-18 6:00:00 PM,21212,10.4,751.6,62,1
Srbija,SE,Beograd,31-Jan-18 7:00:00 PM,20520,8.4,751.6,66,2
Srbija,SE,Beograd,31-Jan-18 8:00:00 PM,19376,7.3,751.6,72,1
Srbija,SE,Beograd,31-Jan-18 9:00:00 PM,18200,7,751.6,72,1
Srbija,SE,Beograd,31-Jan-18 10:00:00 PM,17438,5.9,751.3,82,1
Srbija,SE,Beograd,31-Jan-18 11:00:00 PM,16647,5.1,751.2,86,1
Srbija,SE,Beograd,01-Feb-18 12:00:00 AM,16458,5.1,751,86,2
Srbija,SE,Beograd,01-Feb-18 1:00:00 AM,16334,5.4,750.6,88,2
Srbija,SE,Beograd,01-Feb-18 2:00:00 AM,16246,5.5,750.5,86,2
Srbija,SE,Beograd,01-Feb-18 3:00:00 AM,16642,5.5,749.9,84,2
Srbija,SE,Beograd,01-Feb-18 4:00:00 AM,17510,5.3,749.4,85,1
Srbija,SE,Beograd,01-Feb-18 5:00:00 AM,19658,6.4,749.1,73,2
Srbija,SE,Beograd,01-Feb-18 6:00:00 AM,21192,6.4,748.7,68,2
Srbija,SE,Beograd,01-Feb-18 7:00:00 AM,21414,6.8,748.6,63,2
Srbija,SE,Beograd,01-Feb-18 8:00:00 AM,21434,7.9,748.4,53,3
Srbija,SE,Beograd,01-Feb-18 9:00:00 AM,21526,10.1,748,50,3
Srbija,SE,Beograd,01-Feb-18 10:00:00 AM,21538,12.2,747.8,45,3
Srbija,SE,Beograd,01-Feb-18 11:00:00 AM,21593,13.3,747.4,42,4
Srbija,SE,Beograd,01-Feb-18 12:00:00 PM,21015,15.6,747,37,4
Srbija,SE,Beograd,01-Feb-18 1:00:00 PM,21170,16.1,746.3,36,3
Srbija,SE,Beograd,01-Feb-18 2:00:00 PM,21491,15.7,745.8,37,3
Srbija,SE,Beograd,01-Feb-18 3:00:00 PM,21854,16.1,745.4,37,3
Srbija,SE,Beograd,01-Feb-18 4:00:00 PM,22366,15.3,745.3,38,2
Srbija,SE,Beograd,01-Feb-18 5:00:00 PM,22244,14.1,745.1,42,2
Srbija,SE,Beograd,01-Feb-18 6:00:00 PM,21593,13.3,745.3,45,2
Srbija,SE,Beograd,01-Feb-18 7:00:00 PM,20624,11.7,744.9,50,2
Srbija,SE,Beograd,01-Feb-18 8:00:00 PM,19558,11.1,744.9,50,3
Srbija,SE,Beograd,01-Feb-18 9:00:00 PM,18724,10.7,745.1,51,3
Srbija,SE,Beograd,01-Feb-18 10:00:00 PM,18018,10.2,745.2,58,4
Srbija,SE,Beograd,01-Feb-18 11:00:00 PM,17556,10,745,52,1
Srbija,SE,Beograd,02-Feb-18 12:00:00 AM,17222,10,744.9,55,3
Srbija,SE,Beograd,02-Feb-18 1:00:00 AM,17011,10.2,744.7,58,2
Srbija,SE,Beograd,02-Feb-18 2:00:00 AM,17076,9.8,744.5,60,4
Srbija,SE,Beograd,02-Feb-18 3:00:00 AM,17560,9.8,744.2,62,4
Srbija,SE,Beograd,02-Feb-18 4:00:00 AM,18745,10,744.1,63,4
Srbija,SE,Beograd,02-Feb-18 5:00:00 AM,20692,10,744.1,63,4
Srbija,SE,Beograd,02-Feb-18 6:00:00 AM,22446,10.1,744.1,63,3
Srbija,SE,Beograd,02-Feb-18 7:00:00 AM,23046,10.4,744.1,62,4
Srbija,SE,Beograd,02-Feb-18 8:00:00 AM,23262,11,744.4,60,4
Srbija,SE,Beograd,02-Feb-18 9:00:00 AM,23438,11.7,744.4,59,5
Srbija,SE,Beograd,02-Feb-18 10:00:00 AM,23352,12.5,744.4,56,4
Srbija,SE,Beograd,02-Feb-18 11:00:00 AM,23122,13.1,744.3,54,3
Srbija,SE,Beograd,02-Feb-18 12:00:00 PM,22836,13,743.8,57,4
Srbija,SE,Beograd,02-Feb-18 1:00:00 PM,22560,16.4,743,45,5
Srbija,SE,Beograd,02-Feb-18 2:00:00 PM,22537,16.2,742.5,50,4
Srbija,SE,Beograd,02-Feb-18 3:00:00 PM,22516,17,742,49,4
Srbija,SE,Beograd,02-Feb-18 4:00:00 PM,23500,17.1,741.8,48,5
Srbija,SE,Beograd,02-Feb-18 5:00:00 PM,23232,15.9,741.7,49,4
Srbija,SE,Beograd,02-Feb-18 6:00:00 PM,22703,15,741.7,50,4
Srbija,SE,Beograd,02-Feb-18 7:00:00 PM,21710,14.6,741.7,52,5
Srbija,SE,Beograd,02-Feb-18 8:00:00 PM,20984,13.4,741.7,57,4
Srbija,SE,Beograd,02-Feb-18 9:00:00 PM,19992,13.5,742,56,5
Srbija,SE,Beograd,02-Feb-18 10:00:00 PM,19370,8.5,743,75,3
Srbija,SE,Beograd,02-Feb-18 11:00:00 PM,18986,6.7,743.6,83,2
Srbija,SE,Beograd,03-Feb-18 12:00:00 AM,18568,6,743.7,83,1
Srbija,SE,Beograd,03-Feb-18 1:00:00 AM,18438,5.7,743.5,82,2
Srbija,SE,Beograd,03-Feb-18 2:00:00 AM,18402,5.3,743,84,2
Srbija,SE,Beograd,03-Feb-18 3:00:00 AM,18405,4.8,741.8,87,1
Srbija,SE,Beograd,03-Feb-18 4:00:00 AM,18596,4.9,741.3,88,1
Srbija,SE,Beograd,03-Feb-18 5:00:00 AM,19330,4.5,741.1,92,2
Srbija,SE,Beograd,03-Feb-18 6:00:00 AM,20012,4.3,740.7,93,2
Srbija,SE,Beograd,03-Feb-18 7:00:00 AM,20789,3.8,741,93,2
Srbija,SE,Beograd,03-Feb-18 8:00:00 AM,21495,3.8,740.5,93,1
Srbija,SE,Beograd,03-Feb-18 9:00:00 AM,22085,4.3,739.1,95,1
Srbija,SE,Beograd,03-Feb-18 10:00:00 AM,22146,5.8,737.3,91,2
Srbija,SE,Beograd,03-Feb-18 11:00:00 AM,21943,6.4,737.3,92,2
Srbija,SE,Beograd,03-Feb-18 12:00:00 PM,21658,5,737.3,92,2
Srbija,SE,Beograd,03-Feb-18 1:00:00 PM,21394,3.4,738.7,94,1
Srbija,SE,Beograd,03-Feb-18 2:00:00 PM,21316,3.6,738.7,95,3
Srbija,SE,Beograd,03-Feb-18 3:00:00 PM,21907,2.9,739.1,93,4
Srbija,SE,Beograd,03-Feb-18 4:00:00 PM,22413,2.6,739.9,91,5
Srbija,SE,Beograd,03-Feb-18 5:00:00 PM,22001,2.2,740.3,89,3
Srbija,SE,Beograd,03-Feb-18 6:00:00 PM,21496,2.1,741.1,90,3
Srbija,SE,Beograd,03-Feb-18 7:00:00 PM,20892,1.9,741.5,90,3
Srbija,SE,Beograd,03-Feb-18 8:00:00 PM,20325,2,741.9,91,2
Srbija,SE,Beograd,03-Feb-18 9:00:00 PM,19528,2,742.4,91,2
Srbija,SE,Beograd,03-Feb-18 10:00:00 PM,19312,1.8,743,91,3
Srbija,SE,Beograd,03-Feb-18 11:00:00 PM,18698,1.8,743.3,91,3
Srbija,SE,Beograd,04-Feb-18 12:00:00 AM,18476,1.4,743.3,91,2
Srbija,SE,Beograd,04-Feb-18 1:00:00 AM,18150,1.3,743.6,92,2
Srbija,SE,Beograd,04-Feb-18 2:00:00 AM,18186,1.2,743.9,92,2
Srbija,SE,Beograd,04-Feb-18 3:00:00 AM,18334,1.1,744.4,93,2
Srbija,SE,Beograd,04-Feb-18 4:00:00 AM,18438,1.1,744.8,93,2
Srbija,SE,Beograd,04-Feb-18 5:00:00 AM,18934,1.1,745.6,93,2
Srbija,SE,Beograd,04-Feb-18 6:00:00 AM,19486,1.2,745.7,92,3
Srbija,SE,Beograd,04-Feb-18 7:00:00 AM,20172,1.3,746.3,94,2
Srbija,SE,Beograd,04-Feb-18 8:00:00 AM,20891,1.5,747.1,92,3
Srbija,SE,Beograd,04-Feb-18 9:00:00 AM,21304,1.9,747.5,91,4
Srbija,SE,Beograd,04-Feb-18 10:00:00 AM,21518,2.2,748.3,91,3
Srbija,SE,Beograd,04-Feb-18 11:00:00 AM,21243,2.9,748.6,85,3
Srbija,SE,Beograd,04-Feb-18 12:00:00 PM,20955,3.3,748.6,86,3
Srbija,SE,Beograd,04-Feb-18 1:00:00 PM,20893,4,748.9,80,3
Srbija,SE,Beograd,04-Feb-18 2:00:00 PM,21170,4.8,749.1,78,3
Srbija,SE,Beograd,04-Feb-18 3:00:00 PM,22083,5,749.2,77,3
Srbija,SE,Beograd,04-Feb-18 4:00:00 PM,23330,5,750,78,1
Srbija,SE,Beograd,04-Feb-18 5:00:00 PM,23324,4.8,751.1,78,1
Srbija,SE,Beograd,04-Feb-18 6:00:00 PM,23100,4.2,751.7,79,2
Srbija,SE,Beograd,04-Feb-18 7:00:00 PM,22482,3.2,752.1,85,2
Srbija,SE,Beograd,04-Feb-18 8:00:00 PM,21818,2.6,752.8,89,1
Srbija,SE,Beograd,04-Feb-18 9:00:00 PM,20967,2.5,753.2,89,1
Srbija,SE,Beograd,04-Feb-18 10:00:00 PM,20282,1.6,753.7,90,1
Srbija,SE,Beograd,04-Feb-18 11:00:00 PM,19936,1.3,754,92,1
Srbija,SE,Beograd,05-Feb-18 12:00:00 AM,19801,1.1,754.4,93,1
Srbija,SE,Beograd,05-Feb-18 1:00:00 AM,19778,0.4,754.7,93,1
Srbija,SE,Beograd,05-Feb-18 2:00:00 AM,19904,-0.4,755.1,94,1
Srbija,SE,Beograd,05-Feb-18 3:00:00 AM,20464,-0.4,755.3,94,1
Srbija,SE,Beograd,05-Feb-18 4:00:00 AM,21626,-0.5,755.6,93,1
Srbija,SE,Beograd,05-Feb-18 5:00:00 AM,23810,-0.3,756,94,1
Srbija,SE,Beograd,05-Feb-18 6:00:00 AM,25676,0.1,756.2,95,2
Srbija,SE,Beograd,05-Feb-18 7:00:00 AM,25618,-0.8,756.6,97,2
Srbija,SE,Beograd,05-Feb-18 8:00:00 AM,25451,-0.5,756.8,97,1
Srbija,SE,Beograd,05-Feb-18 9:00:00 AM,25394,1.3,756.8,90,1
Srbija,SE,Beograd,05-Feb-18 10:00:00 AM,24892,3.2,757,83,1
Srbija,SE,Beograd,05-Feb-18 11:00:00 AM,24290,3.9,756.9,79,2
Srbija,SE,Beograd,05-Feb-18 12:00:00 PM,23576,4.6,756.8,77,2
Srbija,SE,Beograd,05-Feb-18 1:00:00 PM,23421,5.8,756.4,74,2
Srbija,SE,Beograd,05-Feb-18 2:00:00 PM,23862,6.1,756.1,66,2
Srbija,SE,Beograd,05-Feb-18 3:00:00 PM,24230,6.6,755.9,65,1
Srbija,SE,Beograd,05-Feb-18 4:00:00 PM,25142,5.8,755.8,64,1
Srbija,SE,Beograd,05-Feb-18 5:00:00 PM,25045,4.8,755.6,68,2
Srbija,SE,Beograd,05-Feb-18 6:00:00 PM,24814,4.3,755.5,74,1
Srbija,SE,Beograd,05-Feb-18 7:00:00 PM,24299,4.1,755.2,75,1
Srbija,SE,Beograd,05-Feb-18 8:00:00 PM,23504,3.2,755.2,85,1
Srbija,SE,Beograd,05-Feb-18 9:00:00 PM,22605,3,755.3,88,1
Srbija,SE,Beograd,05-Feb-18 10:00:00 PM,21754,3.1,755.3,96,1
Srbija,SE,Beograd,05-Feb-18 11:00:00 PM,20650,2.4,755.1,94,1
Srbija,SE,Beograd,06-Feb-18 12:00:00 AM,20420,2.1,755,94,1
Srbija,SE,Beograd,06-Feb-18 1:00:00 AM,20313,1.4,754.7,91,2
Srbija,SE,Beograd,06-Feb-18 2:00:00 AM,20360,1.3,754.3,92,1
Srbija,SE,Beograd,06-Feb-18 3:00:00 AM,20576,1.5,754.3,91,1
Srbija,SE,Beograd,06-Feb-18 4:00:00 AM,21640,1.2,754.3,88,1
Srbija,SE,Beograd,06-Feb-18 5:00:00 AM,23766,0.8,753.8,93,1
Srbija,SE,Beograd,06-Feb-18 6:00:00 AM,25228,0.6,753.7,94,1
Srbija,SE,Beograd,06-Feb-18 7:00:00 AM,25052,0.4,753.1,91,1
Srbija,SE,Beograd,06-Feb-18 8:00:00 AM,24838,0.1,753.8,93,0
Srbija,SE,Beograd,06-Feb-18 9:00:00 AM,24634,1,753.9,94,0
Srbija,SE,Beograd,06-Feb-18 10:00:00 AM,24496,2.2,754,89,1
Srbija,SE,Beograd,06-Feb-18 11:00:00 AM,24074,6,753.8,66,2
Srbija,SE,Beograd,06-Feb-18 12:00:00 PM,23952,6.6,753.8,60,3
Srbija,SE,Beograd,06-Feb-18 1:00:00 PM,24112,6.6,752.8,66,2
Srbija,SE,Beograd,06-Feb-18 2:00:00 PM,24150,7.1,752.6,60,3
Srbija,SE,Beograd,06-Feb-18 3:00:00 PM,24334,7.6,752.3,62,2
Srbija,SE,Beograd,06-Feb-18 4:00:00 PM,25070,7.1,751.7,63,2
Srbija,SE,Beograd,06-Feb-18 5:00:00 PM,24939,6.2,751.3,68,1
Srbija,SE,Beograd,06-Feb-18 6:00:00 PM,24407,3.4,751.4,81,2
Srbija,SE,Beograd,06-Feb-18 7:00:00 PM,23774,3.2,751.6,82,1
Srbija,SE,Beograd,06-Feb-18 8:00:00 PM,22932,4.7,751,75,2
Srbija,SE,Beograd,06-Feb-18 9:00:00 PM,21472,5.3,751,66,2
Srbija,SE,Beograd,06-Feb-18 10:00:00 PM,20594,5.5,750.7,65,3
Srbija,SE,Beograd,06-Feb-18 11:00:00 PM,19670,5.5,750.2,69,4
Srbija,SE,Beograd,07-Feb-18 12:00:00 AM,19497,5,749.8,72,5
Srbija,SE,Beograd,07-Feb-18 1:00:00 AM,19555,5.6,749.3,71,5
Srbija,SE,Beograd,07-Feb-18 2:00:00 AM,19627,6.1,748.9,68,5
Srbija,SE,Beograd,07-Feb-18 3:00:00 AM,19874,6.4,748.2,66,6
Srbija,SE,Beograd,07-Feb-18 4:00:00 AM,20840,5.9,748,67,6
Srbija,SE,Beograd,07-Feb-18 5:00:00 AM,23334,5.5,747.7,65,5
Srbija,SE,Beograd,07-Feb-18 6:00:00 AM,24800,4.8,747.4,67,6
Srbija,SE,Beograd,07-Feb-18 7:00:00 AM,24790,4.7,747.3,66,6
Srbija,SE,Beograd,07-Feb-18 8:00:00 AM,24778,4.9,747.2,68,6
Srbija,SE,Beograd,07-Feb-18 9:00:00 AM,24558,5.6,747.1,68,6
Srbija,SE,Beograd,07-Feb-18 10:00:00 AM,24230,6.4,747.1,66,5
Srbija,SE,Beograd,07-Feb-18 11:00:00 AM,23464,9,746.9,58,8
Srbija,SE,Beograd,07-Feb-18 12:00:00 PM,23575,9.6,746.2,61,7
Srbija,SE,Beograd,07-Feb-18 1:00:00 PM,23346,10.4,745.9,58,5
Srbija,SE,Beograd,07-Feb-18 2:00:00 PM,23418,12.2,745.3,51,7
Srbija,SE,Beograd,07-Feb-18 3:00:00 PM,23825,10,744.9,56,6
Srbija,SE,Beograd,07-Feb-18 4:00:00 PM,24693,6.8,744.7,64,6
Srbija,SE,Beograd,07-Feb-18 5:00:00 PM,24492,5.2,744.8,70,7
Srbija,SE,Beograd,07-Feb-18 6:00:00 PM,23639,4.8,744.9,72,7
Srbija,SE,Beograd,07-Feb-18 7:00:00 PM,23140,5,745,72,6
Srbija,SE,Beograd,07-Feb-18 8:00:00 PM,22193,5.2,744.8,74,6
Srbija,SE,Beograd,07-Feb-18 9:00:00 PM,21002,5.3,744.9,74,6
Srbija,SE,Beograd,07-Feb-18 10:00:00 PM,19714,6,744.7,72,7
Srbija,SE,Beograd,07-Feb-18 11:00:00 PM,19265,5.9,744.5,74,6
Srbija,SE,Beograd,08-Feb-18 12:00:00 AM,19157,5.7,744.5,80,6
Srbija,SE,Beograd,08-Feb-18 1:00:00 AM,18699,5.3,744.4,81,6
Srbija,SE,Beograd,08-Feb-18 2:00:00 AM,18749,5.4,744.4,82,3
Srbija,SE,Beograd,08-Feb-18 3:00:00 AM,19066,5.5,744.5,84,4
Srbija,SE,Beograd,08-Feb-18 4:00:00 AM,19787,5.8,744.8,85,1
Srbija,SE,Beograd,08-Feb-18 5:00:00 AM,21982,5.6,744.9,84,1
Srbija,SE,Beograd,08-Feb-18 6:00:00 AM,23536,4,745.6,90,3
Srbija,SE,Beograd,08-Feb-18 7:00:00 AM,23352,3.4,745.9,94,4
Srbija,SE,Beograd,08-Feb-18 8:00:00 AM,23233,3.2,746.7,91,3
Srbija,SE,Beograd,08-Feb-18 9:00:00 AM,23281,3,747.2,92,3
Srbija,SE,Beograd,08-Feb-18 10:00:00 AM,23014,2.9,747.1,91,4
Srbija,SE,Beograd,08-Feb-18 11:00:00 AM,22794,3.2,747.7,89,4
Srbija,SE,Beograd,08-Feb-18 12:00:00 PM,22607,3.4,747.7,89,4
Srbija,SE,Beograd,08-Feb-18 1:00:00 PM,22410,3.4,747.8,91,5
Srbija,SE,Beograd,08-Feb-18 2:00:00 PM,22598,2.9,748,91,4
Srbija,SE,Beograd,08-Feb-18 3:00:00 PM,22705,3.2,748.2,89,4
Srbija,SE,Beograd,08-Feb-18 4:00:00 PM,23697,3.4,748.4,88,5
Srbija,SE,Beograd,08-Feb-18 5:00:00 PM,23558,3.1,748.8,89,5
Srbija,SE,Beograd,08-Feb-18 6:00:00 PM,23059,3.1,749.2,89,5
Srbija,SE,Beograd,08-Feb-18 7:00:00 PM,22185,3,749.8,90,5
Srbija,SE,Beograd,08-Feb-18 8:00:00 PM,21501,2.4,750.3,92,5
Srbija,SE,Beograd,08-Feb-18 9:00:00 PM,20273,2.4,750.4,92,4
Srbija,SE,Beograd,08-Feb-18 10:00:00 PM,19352,2.2,750.7,93,4
Srbija,SE,Beograd,08-Feb-18 11:00:00 PM,18722,2.3,750.7,95,4
Srbija,SE,Beograd,09-Feb-18 12:00:00 AM,18581,2.4,751,94,4
Srbija,SE,Beograd,09-Feb-18 1:00:00 AM,18432,2.4,751,92,4
Srbija,SE,Beograd,09-Feb-18 2:00:00 AM,18630,2.4,751.2,92,3
Srbija,SE,Beograd,09-Feb-18 3:00:00 AM,18764,2.4,751.3,90,3
Srbija,SE,Beograd,09-Feb-18 4:00:00 AM,19574,2.3,751.4,91,3
Srbija,SE,Beograd,09-Feb-18 5:00:00 AM,21887,2.3,751.6,89,3
Srbija,SE,Beograd,09-Feb-18 6:00:00 AM,23388,2.2,751.6,89,2
Srbija,SE,Beograd,09-Feb-18 7:00:00 AM,23492,2.2,751.6,88,3
Srbija,SE,Beograd,09-Feb-18 8:00:00 AM,23382,2.1,751.8,87,3
Srbija,SE,Beograd,09-Feb-18 9:00:00 AM,23148,2.4,751.9,85,2
Srbija,SE,Beograd,09-Feb-18 10:00:00 AM,22504,3.1,751.7,83,2
Srbija,SE,Beograd,09-Feb-18 11:00:00 AM,21882,3.1,751.7,81,2
Srbija,SE,Beograd,09-Feb-18 12:00:00 PM,21646,3.4,751.6,78,3
Srbija,SE,Beograd,09-Feb-18 1:00:00 PM,21290,4.1,751.5,75,2
Srbija,SE,Beograd,09-Feb-18 2:00:00 PM,21408,4.3,751.3,73,2
Srbija,SE,Beograd,09-Feb-18 3:00:00 PM,21841,4.7,751,72,1
Srbija,SE,Beograd,09-Feb-18 4:00:00 PM,22601,4.8,750.7,72,1
Srbija,SE,Beograd,09-Feb-18 5:00:00 PM,22696,4.1,750.4,74,2
Srbija,SE,Beograd,09-Feb-18 6:00:00 PM,22048,3.5,750.4,79,1
Srbija,SE,Beograd,09-Feb-18 7:00:00 PM,21126,2.9,750.7,84,2
Srbija,SE,Beograd,09-Feb-18 8:00:00 PM,20186,2.4,750.9,87,1
Srbija,SE,Beograd,09-Feb-18 9:00:00 PM,19522,2.6,750.9,87,1
Srbija,SE,Beograd,09-Feb-18 10:00:00 PM,18906,1.9,750.9,88,1
Srbija,SE,Beograd,09-Feb-18 11:00:00 PM,18490,2,750.3,89,1
Srbija,SE,Beograd,10-Feb-18 12:00:00 AM,18218,1.7,749.8,91,1
Srbija,SE,Beograd,10-Feb-18 1:00:00 AM,18014,1.4,749.8,91,2
Srbija,SE,Beograd,10-Feb-18 2:00:00 AM,17958,1.1,749.8,93,2
Srbija,SE,Beograd,10-Feb-18 3:00:00 AM,18030,1.1,749.6,93,1
Srbija,SE,Beograd,10-Feb-18 4:00:00 AM,18233,0.1,750.3,100,1
Srbija,SE,Beograd,10-Feb-18 5:00:00 AM,18677,0.6,749.3,94,2
Srbija,SE,Beograd,10-Feb-18 6:00:00 AM,19590,0.5,749.4,95,2
Srbija,SE,Beograd,10-Feb-18 7:00:00 AM,20082,0.4,749.4,96,2
Srbija,SE,Beograd,10-Feb-18 8:00:00 AM,20766,0.3,749.5,94,2
Srbija,SE,Beograd,10-Feb-18 9:00:00 AM,21035,0.1,749.6,98,2
Srbija,SE,Beograd,10-Feb-18 10:00:00 AM,20880,0.3,749.5,96,2
Srbija,SE,Beograd,10-Feb-18 11:00:00 AM,20710,0.9,749.4,94,2
Srbija,SE,Beograd,10-Feb-18 12:00:00 PM,20760,1.1,749.1,95,1
Srbija,SE,Beograd,10-Feb-18 1:00:00 PM,20333,2,748.6,93,2
Srbija,SE,Beograd,10-Feb-18 2:00:00 PM,20313,3,748.4,86,2
Srbija,SE,Beograd,10-Feb-18 3:00:00 PM,20775,3.6,748.4,85,2
Srbija,SE,Beograd,10-Feb-18 4:00:00 PM,21508,4.1,748,83,2
Srbija,SE,Beograd,10-Feb-18 5:00:00 PM,21180,3.6,747.7,86,2
Srbija,SE,Beograd,10-Feb-18 6:00:00 PM,20663,3.4,747.8,88,2
Srbija,SE,Beograd,10-Feb-18 7:00:00 PM,20022,3.2,747.7,89,1
Srbija,SE,Beograd,10-Feb-18 8:00:00 PM,19364,3.3,747.6,83,2
Srbija,SE,Beograd,10-Feb-18 9:00:00 PM,18364,3.1,747.5,83,1
Srbija,SE,Beograd,10-Feb-18 10:00:00 PM,17952,2.9,747.4,85,2
Srbija,SE,Beograd,10-Feb-18 11:00:00 PM,17528,2.6,747.4,91,2
Srbija,SE,Beograd,11-Feb-18 12:00:00 AM,17212,2.5,746.9,91,1
Srbija,SE,Beograd,11-Feb-18 1:00:00 AM,17162,2.3,746.8,93,2
Srbija,SE,Beograd,11-Feb-18 2:00:00 AM,17076,2.3,746.5,93,1
Srbija,SE,Beograd,11-Feb-18 3:00:00 AM,17350,2.2,746.3,93,2
Srbija,SE,Beograd,11-Feb-18 4:00:00 AM,17416,2.2,746.2,93,2
Srbija,SE,Beograd,11-Feb-18 5:00:00 AM,17816,1.9,746.2,95,2
Srbija,SE,Beograd,11-Feb-18 6:00:00 AM,18345,1.7,746.2,93,2
Srbija,SE,Beograd,11-Feb-18 7:00:00 AM,18900,1.5,746.4,91,2
Srbija,SE,Beograd,11-Feb-18 8:00:00 AM,19580,1.4,746.8,91,2
Srbija,SE,Beograd,11-Feb-18 9:00:00 AM,20128,1.5,746.9,92,2
Srbija,SE,Beograd,11-Feb-18 10:00:00 AM,20304,1.8,747,91,1
Srbija,SE,Beograd,11-Feb-18 11:00:00 AM,20386,2.3,747.1,87,1
Srbija,SE,Beograd,11-Feb-18 12:00:00 PM,20277,2.7,746.8,85,2
Srbija,SE,Beograd,11-Feb-18 1:00:00 PM,20394,3.3,746.5,80,1
Srbija,SE,Beograd,11-Feb-18 2:00:00 PM,20550,3.4,746.3,78,1
Srbija,SE,Beograd,11-Feb-18 3:00:00 PM,20901,3.2,746.2,79,2
Srbija,SE,Beograd,11-Feb-18 4:00:00 PM,21727,3.1,746.2,74,1
Srbija,SE,Beograd,11-Feb-18 5:00:00 PM,22004,3.2,746.2,75,1
Srbija,SE,Beograd,11-Feb-18 6:00:00 PM,21582,3.2,746.5,76,1
Srbija,SE,Beograd,11-Feb-18 7:00:00 PM,20904,3.2,746.7,79,1
Srbija,SE,Beograd,11-Feb-18 8:00:00 PM,20072,3.2,746.9,79,2
Srbija,SE,Beograd,11-Feb-18 9:00:00 PM,19278,3,747.1,80,2
Srbija,SE,Beograd,11-Feb-18 10:00:00 PM,18639,2.8,747.1,86,2
Srbija,SE,Beograd,11-Feb-18 11:00:00 PM,17896,2.6,747.2,87,1
Srbija,SE,Beograd,12-Feb-18 12:00:00 AM,17852,2.5,747.1,89,1
Srbija,SE,Beograd,12-Feb-18 1:00:00 AM,17765,2.4,746.9,88,1
Srbija,SE,Beograd,12-Feb-18 2:00:00 AM,17850,2.4,746.8,88,1
Srbija,SE,Beograd,12-Feb-18 3:00:00 AM,18088,2,746.7,86,1
Srbija,SE,Beograd,12-Feb-18 4:00:00 AM,18882,1.3,746.7,87,1
Srbija,SE,Beograd,12-Feb-18 5:00:00 AM,20866,0.8,747.1,90,1
Srbija,SE,Beograd,12-Feb-18 6:00:00 AM,22063,0.6,747.1,92,1
Srbija,SE,Beograd,12-Feb-18 7:00:00 AM,22351,0.7,747.1,91,2
Srbija,SE,Beograd,12-Feb-18 8:00:00 AM,22458,1.4,747.5,89,1
Srbija,SE,Beograd,12-Feb-18 9:00:00 AM,22647,3.6,747.5,73,2
Srbija,SE,Beograd,12-Feb-18 10:00:00 AM,22614,4.8,747.4,65,2
Srbija,SE,Beograd,12-Feb-18 11:00:00 AM,22703,5.8,747.4,66,3
Srbija,SE,Beograd,12-Feb-18 12:00:00 PM,22628,6.4,747.1,66,2
Srbija,SE,Beograd,12-Feb-18 1:00:00 PM,22340,6.9,746.9,64,2
Srbija,SE,Beograd,12-Feb-18 2:00:00 PM,22400,6.4,746.8,63,2
Srbija,SE,Beograd,12-Feb-18 3:00:00 PM,22586,6.4,746.9,66,3
Srbija,SE,Beograd,12-Feb-18 4:00:00 PM,23049,6.2,747,68,3
Srbija,SE,Beograd,12-Feb-18 5:00:00 PM,22761,5.6,747.1,70,2
Srbija,SE,Beograd,12-Feb-18 6:00:00 PM,22115,4.9,747.4,74,3
Srbija,SE,Beograd,12-Feb-18 7:00:00 PM,21460,4.6,747.7,74,2
Srbija,SE,Beograd,12-Feb-18 8:00:00 PM,20613,4.5,747.8,75,2
Srbija,SE,Beograd,12-Feb-18 9:00:00 PM,19406,4.7,747.9,67,2
Srbija,SE,Beograd,12-Feb-18 10:00:00 PM,18126,4.4,748.2,70,2
Srbija,SE,Beograd,12-Feb-18 11:00:00 PM,17900,4.1,748.3,74,2
Srbija,SE,Beograd,13-Feb-18 12:00:00 AM,17494,3.9,748.2,75,2
Srbija,SE,Beograd,13-Feb-18 1:00:00 AM,17202,3.3,748.2,78,2
Srbija,SE,Beograd,13-Feb-18 2:00:00 AM,17198,3.2,748.1,79,2
Srbija,SE,Beograd,13-Feb-18 3:00:00 AM,17528,3.3,747.7,78,1
Srbija,SE,Beograd,13-Feb-18 4:00:00 AM,18063,3.3,747.2,78,2
Srbija,SE,Beograd,13-Feb-18 5:00:00 AM,20246,3.3,747.2,76,1
Srbija,SE,Beograd,13-Feb-18 6:00:00 AM,21810,3.3,746.8,73,2
Srbija,SE,Beograd,13-Feb-18 7:00:00 AM,22061,3,746.8,77,1
Srbija,SE,Beograd,13-Feb-18 8:00:00 AM,22138,2.1,747.3,89,2
Srbija,SE,Beograd,13-Feb-18 9:00:00 AM,22098,1.1,747.4,93,1
Srbija,SE,Beograd,13-Feb-18 10:00:00 AM,21906,1.5,747.3,94,2
Srbija,SE,Beograd,13-Feb-18 11:00:00 AM,21592,2.7,746.8,90,2
Srbija,SE,Beograd,13-Feb-18 12:00:00 PM,21416,3.4,746.3,89,2
Srbija,SE,Beograd,13-Feb-18 1:00:00 PM,21458,2.7,746.1,94,1
Srbija,SE,Beograd,13-Feb-18 2:00:00 PM,21540,2.7,745.7,95,2
Srbija,SE,Beograd,13-Feb-18 3:00:00 PM,21650,2.1,745.3,96,1
Srbija,SE,Beograd,13-Feb-18 4:00:00 PM,22440,1.6,745.4,95,1
Srbija,SE,Beograd,13-Feb-18 5:00:00 PM,22612,0.9,745.5,94,1
Srbija,SE,Beograd,13-Feb-18 6:00:00 PM,22220,0.7,745.6,96,1
Srbija,SE,Beograd,13-Feb-18 7:00:00 PM,21524,0.6,745.6,94,1
Srbija,SE,Beograd,13-Feb-18 8:00:00 PM,20760,0.6,745.7,94,1
Srbija,SE,Beograd,13-Feb-18 9:00:00 PM,19556,0.4,745.6,96,1
Srbija,SE,Beograd,13-Feb-18 10:00:00 PM,18633,0.4,745.4,96,1
Srbija,SE,Beograd,13-Feb-18 11:00:00 PM,17966,0.4,745.4,98,1
Srbija,SE,Beograd,14-Feb-18 12:00:00 AM,17576,0.4,745.4,96,1
Srbija,SE,Beograd,14-Feb-18 1:00:00 AM,17640,0.4,745.4,98,1
Srbija,SE,Beograd,14-Feb-18 2:00:00 AM,17756,0.4,745.4,98,1
Srbija,SE,Beograd,14-Feb-18 3:00:00 AM,18148,0.4,745.4,98,2
Srbija,SE,Beograd,14-Feb-18 4:00:00 AM,19031,0.5,745.4,95,2
Srbija,SE,Beograd,14-Feb-18 5:00:00 AM,20677,0.5,745.5,95,2
Srbija,SE,Beograd,14-Feb-18 6:00:00 AM,22368,0.5,745.5,95,2
Srbija,SE,Beograd,14-Feb-18 7:00:00 AM,22360,0.6,746.2,97,3
Srbija,SE,Beograd,14-Feb-18 8:00:00 AM,21833,0.4,746.7,98,4
Srbija,SE,Beograd,14-Feb-18 9:00:00 AM,21804,0.8,747.1,97,3
Srbija,SE,Beograd,14-Feb-18 10:00:00 AM,21804,1.5,747.4,94,4
Srbija,SE,Beograd,14-Feb-18 11:00:00 AM,21419,2.2,747.8,95,2
Srbija,SE,Beograd,14-Feb-18 12:00:00 PM,21319,2.9,747.9,89,3
Srbija,SE,Beograd,14-Feb-18 1:00:00 PM,20904,2.8,748,86,2
Srbija,SE,Beograd,14-Feb-18 2:00:00 PM,20901,2.8,748.1,86,4
Srbija,SE,Beograd,14-Feb-18 3:00:00 PM,21084,2.5,748.3,91,4
Srbija,SE,Beograd,14-Feb-18 4:00:00 PM,22120,2.4,748.6,90,4
Srbija,SE,Beograd,14-Feb-18 5:00:00 PM,22115,1.9,749,91,3
Srbija,SE,Beograd,14-Feb-18 6:00:00 PM,21475,1.5,749.5,95,3
Srbija,SE,Beograd,14-Feb-18 7:00:00 PM,21064,1.4,749.8,93,2
Srbija,SE,Beograd,14-Feb-18 8:00:00 PM,19948,1.6,750.1,93,3
Srbija,SE,Beograd,14-Feb-18 9:00:00 PM,19064,1.6,750.4,93,4
Srbija,SE,Beograd,14-Feb-18 10:00:00 PM,17985,1.5,750.7,94,3
Srbija,SE,Beograd,14-Feb-18 11:00:00 PM,17771,1.5,750.8,94,2
Srbija,SE,Beograd,15-Feb-18 12:00:00 AM,17578,1.4,751,93,2
Srbija,SE,Beograd,15-Feb-18 1:00:00 AM,17517,1.4,751.3,91,2
Srbija,SE,Beograd,15-Feb-18 2:00:00 AM,17436,1.5,751.6,91,2
Srbija,SE,Beograd,15-Feb-18 3:00:00 AM,17722,1.5,751.7,91,2
Srbija,SE,Beograd,15-Feb-18 4:00:00 AM,18408,1.5,751.8,89,2
Srbija,SE,Beograd,15-Feb-18 5:00:00 AM,20478,1.4,752.1,89,2
Srbija,SE,Beograd,15-Feb-18 6:00:00 AM,22456,1.4,752.5,91,2
Srbija,SE,Beograd,15-Feb-18 7:00:00 AM,22434,1.4,753.3,91,2
Srbija,SE,Beograd,15-Feb-18 8:00:00 AM,22317,1.5,753.8,92,2
Srbija,SE,Beograd,15-Feb-18 9:00:00 AM,22170,1.5,754.3,92,2
Srbija,SE,Beograd,15-Feb-18 10:00:00 AM,21992,1.8,754.7,89,2
Srbija,SE,Beograd,15-Feb-18 11:00:00 AM,21897,2.1,755.1,87,1
Srbija,SE,Beograd,15-Feb-18 12:00:00 PM,21773,2.4,755.4,87,1
Srbija,SE,Beograd,15-Feb-18 1:00:00 PM,21660,2.7,755.5,83,1
Srbija,SE,Beograd,15-Feb-18 2:00:00 PM,21402,2.8,755.5,81,1
Srbija,SE,Beograd,15-Feb-18 3:00:00 PM,21602,3.1,755.8,79,1
Srbija,SE,Beograd,15-Feb-18 4:00:00 PM,22270,3.3,756,80,1
Srbija,SE,Beograd,15-Feb-18 5:00:00 PM,22398,3.1,756.3,83,2
Srbija,SE,Beograd,15-Feb-18 6:00:00 PM,21844,3.1,756.8,83,1
Srbija,SE,Beograd,15-Feb-18 7:00:00 PM,21322,3.1,757,83,1
Srbija,SE,Beograd,15-Feb-18 8:00:00 PM,20598,3.1,757.4,83,1
Srbija,SE,Beograd,15-Feb-18 9:00:00 PM,19714,3,757.6,81,1
Srbija,SE,Beograd,15-Feb-18 10:00:00 PM,18720,2.9,757.8,84,1
Srbija,SE,Beograd,15-Feb-18 11:00:00 PM,18140,2.9,758,84,1
Srbija,SE,Beograd,16-Feb-18 12:00:00 AM,17796,2.9,757.9,84,1