Italija,IT,Rim,01-Mar-18 12:00:00 AM,30820,2,749.2,87,3
Italija,IT,Rim,01-Mar-18 12:00:00 AM,30820,1,749.8,93,2
Italija,IT,Rim,01-Mar-18 1:00:00 AM,29669,3,748.4,87,3
Italija,IT,Rim,01-Mar-18 1:00:00 AM,29669,2,749.2,87,3
Italija,IT,Rim,01-Mar-18 2:00:00 AM,29245,4,748,81,4
Italija,IT,Rim,01-Mar-18 2:00:00 AM,29245,3,748.4,87,2
Italija,IT,Rim,01-Mar-18 3:00:00 AM,29675,5,747.2,81,4
Italija,IT,Rim,01-Mar-18 3:00:00 AM,29675,5,747.2,81,4
Italija,IT,Rim,01-Mar-18 4:00:00 AM,31967,4,747.2,87,3
Italija,IT,Rim,01-Mar-18 4:00:00 AM,31967,5,747.2,81,3
Italija,IT,Rim,01-Mar-18 5:00:00 AM,37734,4,746.5,93,3
Italija,IT,Rim,01-Mar-18 5:00:00 AM,37734,4,746.5,93,3
Italija,IT,Rim,01-Mar-18 6:00:00 AM,44510,6,745.8,81,2
Italija,IT,Rim,01-Mar-18 6:00:00 AM,44510,4,746.5,93,2
Italija,IT,Rim,01-Mar-18 7:00:00 AM,50007,7,745.8,81,3
Italija,IT,Rim,01-Mar-18 7:00:00 AM,50007,7,745.8,87,3
Italija,IT,Rim,01-Mar-18 8:00:00 AM,52944,9,745.1,76,1
Italija,IT,Rim,01-Mar-18 8:00:00 AM,52944,8,745,76,1
Italija,IT,Rim,01-Mar-18 9:00:00 AM,53499,12,743.7,72,7
Italija,IT,Rim,01-Mar-18 9:00:00 AM,53499,11,744.4,77,2
Italija,IT,Rim,01-Mar-18 10:00:00 AM,53369,11,743.7,72,4
Italija,IT,Rim,01-Mar-18 10:00:00 AM,53369,13,743.7,67,6
Italija,IT,Rim,01-Mar-18 11:00:00 AM,50154,13,742.9,67,3
Italija,IT,Rim,01-Mar-18 11:00:00 AM,50154,10,743.6,76,3
Italija,IT,Rim,01-Mar-18 12:00:00 PM,48570,15,742.3,68,2
Italija,IT,Rim,01-Mar-18 12:00:00 PM,48570,14,743,67,5
Italija,IT,Rim,01-Mar-18 1:00:00 PM,49576,14,741.5,72,8
Italija,IT,Rim,01-Mar-18 1:00:00 PM,49576,15,741.5,68,6
Italija,IT,Rim,01-Mar-18 2:00:00 PM,50959,15,741.5,68,5
Italija,IT,Rim,01-Mar-18 2:00:00 PM,50959,15,741.5,68,6
Italija,IT,Rim,01-Mar-18 3:00:00 PM,51530,14,740.8,72,5
Italija,IT,Rim,01-Mar-18 3:00:00 PM,51530,15,740.8,68,6
Italija,IT,Rim,01-Mar-18 4:00:00 PM,51166,15,740,68,10
Italija,IT,Rim,01-Mar-18 4:00:00 PM,51166,14,740,72,5
Italija,IT,Rim,01-Mar-18 5:00:00 PM,52697,15,739.2,68,8
Italija,IT,Rim,01-Mar-18 5:00:00 PM,52697,14,740,72,8
Italija,IT,Rim,01-Mar-18 6:00:00 PM,52316,13,739.2,72,3
Italija,IT,Rim,01-Mar-18 6:00:00 PM,52316,15,739.2,68,6
Italija,IT,Rim,01-Mar-18 7:00:00 PM,49152,15,739.2,68,4
Italija,IT,Rim,01-Mar-18 7:00:00 PM,49152,14,739.2,72,3
Italija,IT,Rim,01-Mar-18 8:00:00 PM,44846,15,740,72,3
Italija,IT,Rim,01-Mar-18 8:00:00 PM,44846,15,739.2,72,3
Italija,IT,Rim,01-Mar-18 9:00:00 PM,40186,15,740,72,2
Italija,IT,Rim,01-Mar-18 9:00:00 PM,40186,14,740,72,4
Italija,IT,Rim,01-Mar-18 10:00:00 PM,36709,15,740,72,2
Italija,IT,Rim,01-Mar-18 10:00:00 PM,36709,15,740,72,4
Italija,IT,Rim,01-Mar-18 11:00:00 PM,32590,12,739.1,82,2
Italija,IT,Rim,01-Mar-18 11:00:00 PM,32590,10,739.9,82,3
Italija,IT,Rim,02-Mar-18 12:00:00 AM,30357,8,739,87,3
Italija,IT,Rim,02-Mar-18 12:00:00 AM,30357,12,739.1,82,3
Italija,IT,Rim,02-Mar-18 1:00:00 AM,29399,12,738.5,88,3
Italija,IT,Rim,02-Mar-18 1:00:00 AM,29399,8,739,87,2
Italija,IT,Rim,02-Mar-18 2:00:00 AM,29169,7,739,93,3
Italija,IT,Rim,02-Mar-18 2:00:00 AM,29169,7,739,93,4
Italija,IT,Rim,02-Mar-18 3:00:00 AM,29597,14,738.5,82,6
Italija,IT,Rim,02-Mar-18 3:00:00 AM,29597,13,738.5,88,3
Italija,IT,Rim,02-Mar-18 4:00:00 AM,31830,14,738.5,82,5
Italija,IT,Rim,02-Mar-18 4:00:00 AM,31830,14,738.5,82,6
Italija,IT,Rim,02-Mar-18 5:00:00 AM,37805,14,739.2,82,6
Italija,IT,Rim,02-Mar-18 5:00:00 AM,37805,14,738.5,82,5
Italija,IT,Rim,02-Mar-18 6:00:00 AM,43992,13,738.5,94,6
Italija,IT,Rim,02-Mar-18 6:00:00 AM,43992,13,738.5,94,7
Italija,IT,Rim,02-Mar-18 7:00:00 AM,49516,14,738.5,82,4
Italija,IT,Rim,02-Mar-18 7:00:00 AM,49516,13,738.5,88,5
Italija,IT,Rim,02-Mar-18 8:00:00 AM,52121,14,738.5,82,4
Italija,IT,Rim,02-Mar-18 8:00:00 AM,52121,14,738.5,82,4
Italija,IT,Rim,02-Mar-18 9:00:00 AM,52775,15,738.5,82,7
Italija,IT,Rim,02-Mar-18 9:00:00 AM,52775,15,738.5,77,6
Italija,IT,Rim,02-Mar-18 10:00:00 AM,53036,14,739.2,88,6
Italija,IT,Rim,02-Mar-18 10:00:00 AM,53036,14,739.2,88,7
Italija,IT,Rim,02-Mar-18 11:00:00 AM,49962,15,739.2,82,5
Italija,IT,Rim,02-Mar-18 11:00:00 AM,49962,15,739.2,82,7
Italija,IT,Rim,02-Mar-18 12:00:00 PM,49179,16,740.1,63,6
Italija,IT,Rim,02-Mar-18 12:00:00 PM,49179,16,740.1,68,6
Italija,IT,Rim,02-Mar-18 1:00:00 PM,49715,16,739.3,55,6
Italija,IT,Rim,02-Mar-18 1:00:00 PM,49715,16,739.3,59,6
Italija,IT,Rim,02-Mar-18 2:00:00 PM,49019,15,739.2,63,7
Italija,IT,Rim,02-Mar-18 2:00:00 PM,49019,15,739.2,59,6
Italija,IT,Rim,02-Mar-18 3:00:00 PM,49037,14,740,59,8
Italija,IT,Rim,02-Mar-18 3:00:00 PM,49037,14,739.2,63,7
Italija,IT,Rim,02-Mar-18 4:00:00 PM,48456,13,740,55,8
Italija,IT,Rim,02-Mar-18 4:00:00 PM,48456,14,740,48,7
Italija,IT,Rim,02-Mar-18 5:00:00 PM,50697,12,739.9,58,8
Italija,IT,Rim,02-Mar-18 5:00:00 PM,50697,12,739.9,58,7
Italija,IT,Rim,02-Mar-18 6:00:00 PM,50125,12,740.7,63,8
Italija,IT,Rim,02-Mar-18 6:00:00 PM,50125,12,739.9,63,7
Italija,IT,Rim,02-Mar-18 7:00:00 PM,47273,11,740.7,67,6
Italija,IT,Rim,02-Mar-18 7:00:00 PM,47273,12,740.7,67,5
Italija,IT,Rim,02-Mar-18 8:00:00 PM,43349,11,740.7,67,5
Italija,IT,Rim,02-Mar-18 8:00:00 PM,43349,11,740.7,67,5
Italija,IT,Rim,02-Mar-18 9:00:00 PM,38884,10,741.3,71,3
Italija,IT,Rim,02-Mar-18 9:00:00 PM,38884,11,741.4,67,4
Italija,IT,Rim,02-Mar-18 10:00:00 PM,35115,10,742.1,71,3
Italija,IT,Rim,02-Mar-18 10:00:00 PM,35115,10,742.1,71,1
Italija,IT,Rim,02-Mar-18 11:00:00 PM,31648,9,742.1,76,2
Italija,IT,Rim,02-Mar-18 11:00:00 PM,31648,10,742.1,76,2
Italija,IT,Rim,03-Mar-18 12:00:00 AM,29326,8,742.8,82,3
Italija,IT,Rim,03-Mar-18 12:00:00 AM,29326,9,742.8,82,2
Italija,IT,Rim,03-Mar-18 1:00:00 AM,28137,8,742.8,87,2
Italija,IT,Rim,03-Mar-18 1:00:00 AM,28137,7,742.7,87,3
Italija,IT,Rim,03-Mar-18 2:00:00 AM,27669,7,742.7,87,4
Italija,IT,Rim,03-Mar-18 2:00:00 AM,27669,7,742.7,87,3
Italija,IT,Rim,03-Mar-18 3:00:00 AM,27435,8,742.1,87,3
Italija,IT,Rim,03-Mar-18 3:00:00 AM,27435,7,742.7,93,3
Italija,IT,Rim,03-Mar-18 4:00:00 AM,28384,9,741.3,87,3
Italija,IT,Rim,03-Mar-18 4:00:00 AM,28384,9,742.1,87,3
Italija,IT,Rim,03-Mar-18 5:00:00 AM,30682,11,741.4,72,3
Italija,IT,Rim,03-Mar-18 5:00:00 AM,30682,10,741.3,82,2
Italija,IT,Rim,03-Mar-18 6:00:00 AM,33981,11,741.4,72,3
Italija,IT,Rim,03-Mar-18 6:00:00 AM,33981,11,741.4,72,3
Italija,IT,Rim,03-Mar-18 7:00:00 AM,38330,11,741.4,72,5
Italija,IT,Rim,03-Mar-18 7:00:00 AM,38330,11,741.4,72,5
Italija,IT,Rim,03-Mar-18 8:00:00 AM,41988,10,740.7,82,8
Italija,IT,Rim,03-Mar-18 8:00:00 AM,41988,11,740.7,72,7
Italija,IT,Rim,03-Mar-18 9:00:00 AM,43237,10,739.9,88,9
Italija,IT,Rim,03-Mar-18 9:00:00 AM,43237,11,739.9,77,9
Italija,IT,Rim,03-Mar-18 10:00:00 AM,42631,11,739.1,88,7
Italija,IT,Rim,03-Mar-18 10:00:00 AM,42631,11,739.9,82,8
Italija,IT,Rim,03-Mar-18 11:00:00 AM,40448,12,738.5,88,9
Italija,IT,Rim,03-Mar-18 11:00:00 AM,40448,11,739.1,88,8
Italija,IT,Rim,03-Mar-18 12:00:00 PM,38005,13,738.5,88,7
Italija,IT,Rim,03-Mar-18 12:00:00 PM,38005,12,738.5,88,8
Italija,IT,Rim,03-Mar-18 1:00:00 PM,36933,14,738.5,88,6
Italija,IT,Rim,03-Mar-18 1:00:00 PM,36933,13,738.5,94,7
Italija,IT,Rim,03-Mar-18 2:00:00 PM,37197,14,737.7,94,6
Italija,IT,Rim,03-Mar-18 2:00:00 PM,37197,14,737.7,88,5
Italija,IT,Rim,03-Mar-18 3:00:00 PM,37034,16,737.1,77,5
Italija,IT,Rim,03-Mar-18 3:00:00 PM,37034,15,737.8,88,6
Italija,IT,Rim,03-Mar-18 4:00:00 PM,37602,14,737.7,88,3
Italija,IT,Rim,03-Mar-18 4:00:00 PM,37602,15,737.8,82,5
Italija,IT,Rim,03-Mar-18 5:00:00 PM,40897,14,738.5,82,3
Italija,IT,Rim,03-Mar-18 5:00:00 PM,40897,14,737.7,82,3
Italija,IT,Rim,03-Mar-18 6:00:00 PM,41382,14,738.5,77,4
Italija,IT,Rim,03-Mar-18 6:00:00 PM,41382,14,738.5,77,4
Italija,IT,Rim,03-Mar-18 7:00:00 PM,38900,13,739.2,88,3
Italija,IT,Rim,03-Mar-18 7:00:00 PM,38900,13,738.5,82,3
Italija,IT,Rim,03-Mar-18 8:00:00 PM,35933,12,739.9,94,2
Italija,IT,Rim,03-Mar-18 8:00:00 PM,35933,13,739.2,88,2
Italija,IT,Rim,03-Mar-18 9:00:00 PM,32958,11,740.7,94,1
Italija,IT,Rim,03-Mar-18 9:00:00 PM,32958,11,739.9,94,2
Italija,IT,Rim,03-Mar-18 10:00:00 PM,30205,12,741.4,82,2
Italija,IT,Rim,03-Mar-18 10:00:00 PM,30205,11,740.7,94,1
Italija,IT,Rim,03-Mar-18 11:00:00 PM,27730,10,742.1,88,2
Italija,IT,Rim,03-Mar-18 11:00:00 PM,27730,11,741.4,82,2
Italija,IT,Rim,04-Mar-18 12:00:00 AM,25613,9,742.1,87,2
Italija,IT,Rim,04-Mar-18 12:00:00 AM,25613,10,742.1,88,1
Italija,IT,Rim,04-Mar-18 1:00:00 AM,24410,8,742.8,93,2
Italija,IT,Rim,04-Mar-18 1:00:00 AM,24410,8,742.1,93,1
Italija,IT,Rim,04-Mar-18 2:00:00 AM,24140,7,742.7,93,2
Italija,IT,Rim,04-Mar-18 2:00:00 AM,24140,7,742.7,93,1
Italija,IT,Rim,04-Mar-18 3:00:00 AM,24412,9,742.8,82,3
Italija,IT,Rim,04-Mar-18 3:00:00 AM,24412,9,742.8,82,3
Italija,IT,Rim,04-Mar-18 4:00:00 AM,25494,9,742.8,82,2
Italija,IT,Rim,04-Mar-18 4:00:00 AM,25494,9,742.8,82,2
Italija,IT,Rim,04-Mar-18 5:00:00 AM,26317,9,742.8,82,3
Italija,IT,Rim,04-Mar-18 5:00:00 AM,26317,9,742.8,82,3
Italija,IT,Rim,04-Mar-18 6:00:00 AM,27369,10,742.8,71,3
Italija,IT,Rim,04-Mar-18 6:00:00 AM,27369,9,742.8,76,3
Italija,IT,Rim,04-Mar-18 7:00:00 AM,29909,9,742.8,82,1
Italija,IT,Rim,04-Mar-18 7:00:00 AM,29909,10,742.8,71,2
Italija,IT,Rim,04-Mar-18 8:00:00 AM,32171,8,743.6,87,1
Italija,IT,Rim,04-Mar-18 8:00:00 AM,32171,8,743.6,87,1
Italija,IT,Rim,04-Mar-18 9:00:00 AM,33216,11,743.7,82,1
Italija,IT,Rim,04-Mar-18 9:00:00 AM,33216,10,743.6,82,1
Italija,IT,Rim,04-Mar-18 10:00:00 AM,33154,12,743.7,77,2
Italija,IT,Rim,04-Mar-18 10:00:00 AM,33154,12,743.7,72,1
Italija,IT,Rim,04-Mar-18 11:00:00 AM,32702,13,743.7,72,1
Italija,IT,Rim,04-Mar-18 11:00:00 AM,32702,13,743.7,72,2
Italija,IT,Rim,04-Mar-18 12:00:00 PM,30784,14,743,63,1
Italija,IT,Rim,04-Mar-18 12:00:00 PM,30784,14,743,67,1
Italija,IT,Rim,04-Mar-18 1:00:00 PM,30203,14,742.3,63,2
Italija,IT,Rim,04-Mar-18 1:00:00 PM,30203,14,742.3,67,2
Italija,IT,Rim,04-Mar-18 2:00:00 PM,30498,13,742.9,72,2
Italija,IT,Rim,04-Mar-18 2:00:00 PM,30498,14,742.3,67,3
Italija,IT,Rim,04-Mar-18 3:00:00 PM,31066,11,742.2,88,3
Italija,IT,Rim,04-Mar-18 3:00:00 PM,31066,13,742.9,77,2
Italija,IT,Rim,04-Mar-18 4:00:00 PM,32393,10,742.1,94,3
Italija,IT,Rim,04-Mar-18 4:00:00 PM,32393,11,742.2,88,3
Italija,IT,Rim,04-Mar-18 5:00:00 PM,35924,10,742.1,88,3
Italija,IT,Rim,04-Mar-18 5:00:00 PM,35924,10,742.1,94,1
Italija,IT,Rim,04-Mar-18 6:00:00 PM,37037,10,741.3,88,4
Italija,IT,Rim,04-Mar-18 6:00:00 PM,37037,10,742.1,94,2
Italija,IT,Rim,04-Mar-18 7:00:00 PM,36196,10,741.3,88,4
Italija,IT,Rim,04-Mar-18 7:00:00 PM,36196,10,741.3,88,3
Italija,IT,Rim,04-Mar-18 8:00:00 PM,34270,10,741.3,88,5
Italija,IT,Rim,04-Mar-18 8:00:00 PM,34270,10,741.3,88,4
Italija,IT,Rim,04-Mar-18 9:00:00 PM,31755,10,740.7,88,3
Italija,IT,Rim,04-Mar-18 9:00:00 PM,31755,10,741.3,88,3
Italija,IT,Rim,04-Mar-18 10:00:00 PM,28680,10,740.7,88,3
Italija,IT,Rim,04-Mar-18 10:00:00 PM,28680,10,740.7,88,3
Italija,IT,Rim,04-Mar-18 11:00:00 PM,26174,9,739.8,94,4
Italija,IT,Rim,04-Mar-18 11:00:00 PM,26174,10,740.7,88,4
Italija,IT,Rim,05-Mar-18 12:00:00 AM,24521,9,739.8,94,4
Italija,IT,Rim,05-Mar-18 1:00:00 AM,23859,9,739,94,4
Italija,IT,Rim,05-Mar-18 1:00:00 AM,23859,9,739,94,3
Italija,IT,Rim,05-Mar-18 2:00:00 AM,23809,9,738.4,94,3
Italija,IT,Rim,05-Mar-18 2:00:00 AM,23809,9,738.4,94,4
Italija,IT,Rim,05-Mar-18 3:00:00 AM,24387,9,738.4,94,3
Italija,IT,Rim,05-Mar-18 3:00:00 AM,24387,10,738.4,88,3
Italija,IT,Rim,05-Mar-18 4:00:00 AM,26625,9,737.6,94,5
Italija,IT,Rim,05-Mar-18 4:00:00 AM,26625,9,737.6,94,4
Italija,IT,Rim,05-Mar-18 5:00:00 AM,33171,8,736.8,100,5
Italija,IT,Rim,05-Mar-18 5:00:00 AM,33171,9,737.6,94,5
Italija,IT,Rim,05-Mar-18 6:00:00 AM,39866,8,736.8,100,5
Italija,IT,Rim,05-Mar-18 6:00:00 AM,39866,8,736.8,100,4
Italija,IT,Rim,05-Mar-18 7:00:00 AM,45892,8,736.8,100,4
Italija,IT,Rim,05-Mar-18 7:00:00 AM,45892,8,736.8,100,4
Italija,IT,Rim,05-Mar-18 8:00:00 AM,48836,8,736.8,100,4
Italija,IT,Rim,05-Mar-18 8:00:00 AM,48836,8,736.8,100,4
Italija,IT,Rim,05-Mar-18 9:00:00 AM,49376,9,736.9,94,4
Italija,IT,Rim,05-Mar-18 9:00:00 AM,49376,9,736.9,94,4
Italija,IT,Rim,05-Mar-18 10:00:00 AM,48990,9,736.1,94,3
Italija,IT,Rim,05-Mar-18 10:00:00 AM,48990,9,736.1,94,4
Italija,IT,Rim,05-Mar-18 11:00:00 AM,46819,9,736.1,100,3
Italija,IT,Rim,05-Mar-18 11:00:00 AM,46819,9,736.1,94,4
Italija,IT,Rim,05-Mar-18 12:00:00 PM,46616,9,736.1,100,3
Italija,IT,Rim,05-Mar-18 12:00:00 PM,46616,9,736.1,100,3
Italija,IT,Rim,05-Mar-18 1:00:00 PM,47507,9,735.3,100,2
Italija,IT,Rim,05-Mar-18 1:00:00 PM,47507,9,735.3,100,2
Italija,IT,Rim,05-Mar-18 2:00:00 PM,47889,10,735.3,94,3
Italija,IT,Rim,05-Mar-18 2:00:00 PM,47889,9,735.3,100,2
Italija,IT,Rim,05-Mar-18 3:00:00 PM,48436,9,735.3,100,3
Italija,IT,Rim,05-Mar-18 3:00:00 PM,48436,9,735.3,100,4
Italija,IT,Rim,05-Mar-18 4:00:00 PM,47322,9,735.3,100,2
Italija,IT,Rim,05-Mar-18 4:00:00 PM,47322,10,735.3,94,2
Italija,IT,Rim,05-Mar-18 5:00:00 PM,48181,10,735.3,94,1
Italija,IT,Rim,05-Mar-18 5:00:00 PM,48181,10,735.3,94,1
Italija,IT,Rim,05-Mar-18 6:00:00 PM,47852,9,736.1,100,2
Italija,IT,Rim,05-Mar-18 6:00:00 PM,47852,9,735.3,100,1
Italija,IT,Rim,05-Mar-18 7:00:00 PM,45200,9,736.1,94,2
Italija,IT,Rim,05-Mar-18 7:00:00 PM,45200,9,736.1,100,1
Italija,IT,Rim,05-Mar-18 8:00:00 PM,41551,8,736.8,100,2
Italija,IT,Rim,05-Mar-18 8:00:00 PM,41551,9,736.9,94,2
Italija,IT,Rim,05-Mar-18 9:00:00 PM,36899,9,736.9,94,2
Italija,IT,Rim,05-Mar-18 9:00:00 PM,36899,9,736.9,94,3
Italija,IT,Rim,05-Mar-18 10:00:00 PM,33022,9,736.9,94,3
Italija,IT,Rim,05-Mar-18 10:00:00 PM,33022,9,736.9,94,3
Italija,IT,Rim,05-Mar-18 11:00:00 PM,29768,10,736.9,88,2
Italija,IT,Rim,05-Mar-18 11:00:00 PM,29768,9,736.9,94,3
Italija,IT,Rim,06-Mar-18 12:00:00 AM,28122,10,736.1,88,1
Italija,IT,Rim,06-Mar-18 12:00:00 AM,28122,10,736.1,88,2
Italija,IT,Rim,06-Mar-18 1:00:00 AM,27225,11,736.1,82,5
Italija,IT,Rim,06-Mar-18 1:00:00 AM,27225,10,736.1,88,2
Italija,IT,Rim,06-Mar-18 2:00:00 AM,27112,11,735.4,88,6
Italija,IT,Rim,06-Mar-18 2:00:00 AM,27112,11,736.1,82,5
Italija,IT,Rim,06-Mar-18 3:00:00 AM,27880,11,735.4,88,7
Italija,IT,Rim,06-Mar-18 3:00:00 AM,27880,11,735.4,88,6
Italija,IT,Rim,06-Mar-18 4:00:00 AM,29536,11,735.4,88,5
Italija,IT,Rim,06-Mar-18 4:00:00 AM,29536,11,735.4,88,6
Italija,IT,Rim,06-Mar-18 5:00:00 AM,35482,11,734.7,94,5
Italija,IT,Rim,06-Mar-18 5:00:00 AM,35482,11,734.7,94,5
Italija,IT,Rim,06-Mar-18 6:00:00 AM,42435,11,734.7,94,2
Italija,IT,Rim,06-Mar-18 6:00:00 AM,42435,11,734.7,94,4
Italija,IT,Rim,06-Mar-18 7:00:00 AM,48301,10,735.3,88,4
Italija,IT,Rim,06-Mar-18 7:00:00 AM,48301,11,734.7,88,3
Italija,IT,Rim,06-Mar-18 8:00:00 AM,50762,10,734.6,94,2
Italija,IT,Rim,06-Mar-18 8:00:00 AM,50762,9,735.3,100,2
Italija,IT,Rim,06-Mar-18 9:00:00 AM,51135,9,734.6,94,3
Italija,IT,Rim,06-Mar-18 9:00:00 AM,51135,9,734.6,100,3
Italija,IT,Rim,06-Mar-18 10:00:00 AM,51176,9,734.6,94,4
Italija,IT,Rim,06-Mar-18 10:00:00 AM,51176,9,733.8,94,4
Italija,IT,Rim,06-Mar-18 11:00:00 AM,48422,9,734.6,94,5
Italija,IT,Rim,06-Mar-18 11:00:00 AM,48422,8,734.6,100,5
Italija,IT,Rim,06-Mar-18 12:00:00 PM,47211,10,735.3,88,3
Italija,IT,Rim,06-Mar-18 12:00:00 PM,47211,9,735.3,94,3
Italija,IT,Rim,06-Mar-18 1:00:00 PM,48306,9,736.1,94,2
Italija,IT,Rim,06-Mar-18 1:00:00 PM,48306,9,735.3,94,3
Italija,IT,Rim,06-Mar-18 2:00:00 PM,48932,11,736.1,77,2
Italija,IT,Rim,06-Mar-18 2:00:00 PM,48932,10,736.1,88,2
Italija,IT,Rim,06-Mar-18 3:00:00 PM,48480,12,737,77,1
Italija,IT,Rim,06-Mar-18 3:00:00 PM,48480,11,736.1,72,2
Italija,IT,Rim,06-Mar-18 4:00:00 PM,47533,12,737,77,2
Italija,IT,Rim,06-Mar-18 4:00:00 PM,47533,12,737,77,3
Italija,IT,Rim,06-Mar-18 5:00:00 PM,49093,11,737.6,88,2
Italija,IT,Rim,06-Mar-18 5:00:00 PM,49093,11,736.9,82,2
Italija,IT,Rim,06-Mar-18 6:00:00 PM,49387,10,738.4,94,4
Italija,IT,Rim,06-Mar-18 6:00:00 PM,49387,10,737.6,94,3
Italija,IT,Rim,06-Mar-18 7:00:00 PM,46811,10,738.4,94,4
Italija,IT,Rim,06-Mar-18 7:00:00 PM,46811,10,738.4,94,4
Italija,IT,Rim,06-Mar-18 8:00:00 PM,42950,10,738.4,94,5
Italija,IT,Rim,06-Mar-18 8:00:00 PM,42950,10,738.4,94,5
Italija,IT,Rim,06-Mar-18 9:00:00 PM,38141,11,739.1,94,3
Italija,IT,Rim,06-Mar-18 9:00:00 PM,38141,11,738.4,94,4
Italija,IT,Rim,06-Mar-18 10:00:00 PM,33926,10,739.9,94,2
Italija,IT,Rim,06-Mar-18 10:00:00 PM,33926,10,739.1,94,2
Italija,IT,Rim,06-Mar-18 11:00:00 PM,30050,9,740.6,100,2
Italija,IT,Rim,06-Mar-18 11:00:00 PM,30050,10,739.9,94,2
Italija,IT,Rim,07-Mar-18 12:00:00 AM,28053,9,740.6,94,3
Italija,IT,Rim,07-Mar-18 12:00:00 AM,28053,9,740.6,94,3
Italija,IT,Rim,07-Mar-18 1:00:00 AM,27163,10,741.3,94,4
Italija,IT,Rim,07-Mar-18 1:00:00 AM,27163,9,741.3,94,2
Italija,IT,Rim,07-Mar-18 2:00:00 AM,27174,9,741.3,100,2
Italija,IT,Rim,07-Mar-18 2:00:00 AM,27174,10,741.3,94,2
Italija,IT,Rim,07-Mar-18 3:00:00 AM,27726,10,742.1,94,2
Italija,IT,Rim,07-Mar-18 3:00:00 AM,27726,10,741.3,94,3
Italija,IT,Rim,07-Mar-18 4:00:00 AM,29882,10,742.1,88,3
Italija,IT,Rim,07-Mar-18 4:00:00 AM,29882,10,742.1,88,3
Italija,IT,Rim,07-Mar-18 5:00:00 AM,35678,10,742.1,88,2
Italija,IT,Rim,07-Mar-18 5:00:00 AM,35678,10,742.1,88,3
Italija,IT,Rim,07-Mar-18 6:00:00 AM,42111,10,742.1,88,3
Italija,IT,Rim,07-Mar-18 6:00:00 AM,42111,10,742.1,88,3
Italija,IT,Rim,07-Mar-18 7:00:00 AM,47212,11,742.9,82,4
Italija,IT,Rim,07-Mar-18 7:00:00 AM,47212,10,742.8,88,4
Italija,IT,Rim,07-Mar-18 8:00:00 AM,48652,12,742.9,82,4
Italija,IT,Rim,07-Mar-18 8:00:00 AM,48652,12,742.9,77,4
Italija,IT,Rim,07-Mar-18 9:00:00 AM,48444,13,743.7,82,5
Italija,IT,Rim,07-Mar-18 9:00:00 AM,48444,13,742.9,77,5
Italija,IT,Rim,07-Mar-18 10:00:00 AM,48174,14,743.8,72,5
Italija,IT,Rim,07-Mar-18 10:00:00 AM,48174,14,743,72,4
Italija,IT,Rim,07-Mar-18 11:00:00 AM,46118,14,743.8,67,5
Italija,IT,Rim,07-Mar-18 11:00:00 AM,46118,15,743.8,68,5
Italija,IT,Rim,07-Mar-18 12:00:00 PM,45161,14,743,72,6
Italija,IT,Rim,07-Mar-18 12:00:00 PM,45161,14,743.8,72,6
Italija,IT,Rim,07-Mar-18 1:00:00 PM,46699,14,742.3,77,7
Italija,IT,Rim,07-Mar-18 1:00:00 PM,46699,14,743,72,7
Italija,IT,Rim,07-Mar-18 2:00:00 PM,47192,13,742.2,72,5
Italija,IT,Rim,07-Mar-18 2:00:00 PM,47192,14,742.3,72,5
Italija,IT,Rim,07-Mar-18 3:00:00 PM,47231,9,742.8,94,4
Italija,IT,Rim,07-Mar-18 3:00:00 PM,47231,10,742.8,88,4
Italija,IT,Rim,07-Mar-18 4:00:00 PM,47017,9,742.1,94,2
Italija,IT,Rim,07-Mar-18 4:00:00 PM,47017,9,742.1,94,2
Italija,IT,Rim,07-Mar-18 5:00:00 PM,48712,10,742.1,88,2
Italija,IT,Rim,07-Mar-18 5:00:00 PM,48712,10,742.1,88,3
Italija,IT,Rim,07-Mar-18 6:00:00 PM,48882,10,742.8,88,2
Italija,IT,Rim,07-Mar-18 6:00:00 PM,48882,10,742.8,88,1
Italija,IT,Rim,07-Mar-18 7:00:00 PM,46102,9,743.6,94,3
Italija,IT,Rim,07-Mar-18 7:00:00 PM,46102,9,742.8,94,3
Italija,IT,Rim,07-Mar-18 8:00:00 PM,42280,9,743.6,87,1
Italija,IT,Rim,07-Mar-18 8:00:00 PM,42280,9,743.6,87,3
Italija,IT,Rim,07-Mar-18 9:00:00 PM,37590,6,744.3,87,5
Italija,IT,Rim,07-Mar-18 9:00:00 PM,37590,6,744.3,87,7
Italija,IT,Rim,07-Mar-18 10:00:00 PM,33976,6,745,87,3
Italija,IT,Rim,07-Mar-18 10:00:00 PM,33976,6,744.3,81,3
Italija,IT,Rim,07-Mar-18 11:00:00 PM,30505,5,744.9,93,1
Italija,IT,Rim,07-Mar-18 11:00:00 PM,30505,6,745,81,2
Italija,IT,Rim,08-Mar-18 12:00:00 AM,28419,5,745.7,93,2
Italija,IT,Rim,08-Mar-18 12:00:00 AM,28419,5,745.7,93,1
Italija,IT,Rim,08-Mar-18 1:00:00 AM,27512,5,746.5,93,2
Italija,IT,Rim,08-Mar-18 1:00:00 AM,27512,5,745.7,87,1
Italija,IT,Rim,08-Mar-18 2:00:00 AM,27272,5,746.5,93,3
Italija,IT,Rim,08-Mar-18 2:00:00 AM,27272,5,746.5,93,3
Italija,IT,Rim,08-Mar-18 3:00:00 AM,27862,4,746.5,93,3
Italija,IT,Rim,08-Mar-18 3:00:00 AM,27862,5,746.5,87,3
Italija,IT,Rim,08-Mar-18 4:00:00 AM,30037,4,747.2,93,2
Italija,IT,Rim,08-Mar-18 4:00:00 AM,30037,4,747.2,87,2
Italija,IT,Rim,08-Mar-18 5:00:00 AM,35528,5,747.2,87,3
Italija,IT,Rim,08-Mar-18 5:00:00 AM,35528,5,747.2,87,3
Italija,IT,Rim,08-Mar-18 6:00:00 AM,42000,6,748,81,3
Italija,IT,Rim,08-Mar-18 6:00:00 AM,42000,5,748,87,3
Italija,IT,Rim,08-Mar-18 7:00:00 AM,46702,8,748.6,82,2
Italija,IT,Rim,08-Mar-18 7:00:00 AM,46702,6,748,81,3
Italija,IT,Rim,08-Mar-18 8:00:00 AM,47914,11,749.5,72,2
Italija,IT,Rim,08-Mar-18 8:00:00 AM,47914,10,749.4,71,2
Italija,IT,Rim,08-Mar-18 9:00:00 AM,47658,12,750.2,67,2
Italija,IT,Rim,08-Mar-18 9:00:00 AM,47658,12,749.5,63,2
Italija,IT,Rim,08-Mar-18 10:00:00 AM,47073,13,750.2,55,1
Italija,IT,Rim,08-Mar-18 10:00:00 AM,47073,14,750.3,59,1
Italija,IT,Rim,08-Mar-18 11:00:00 AM,44011,14,751.1,55,1
Italija,IT,Rim,08-Mar-18 11:00:00 AM,44011,14,750.3,55,1
Italija,IT,Rim,08-Mar-18 12:00:00 PM,43422,15,751.1,42,2
Italija,IT,Rim,08-Mar-18 12:00:00 PM,43422,14,751.1,51,2
Italija,IT,Rim,08-Mar-18 1:00:00 PM,44595,15,751.1,48,3
Italija,IT,Rim,08-Mar-18 1:00:00 PM,44595,15,751.1,51,3
Italija,IT,Rim,08-Mar-18 2:00:00 PM,44812,14,750.3,55,4
Italija,IT,Rim,08-Mar-18 2:00:00 PM,44812,15,751.1,48,3
Italija,IT,Rim,08-Mar-18 3:00:00 PM,45158,14,750.3,55,3
Italija,IT,Rim,08-Mar-18 3:00:00 PM,45158,14,751.1,55,3
Italija,IT,Rim,08-Mar-18 4:00:00 PM,44788,13,751,72,4
Italija,IT,Rim,08-Mar-18 4:00:00 PM,44788,14,751.1,63,3
Italija,IT,Rim,08-Mar-18 5:00:00 PM,47459,12,751,77,3
Italija,IT,Rim,08-Mar-18 5:00:00 PM,47459,13,751,72,4
Italija,IT,Rim,08-Mar-18 6:00:00 PM,47843,12,751.7,77,3
Italija,IT,Rim,08-Mar-18 6:00:00 PM,47843,12,751,77,3
Italija,IT,Rim,08-Mar-18 7:00:00 PM,44856,11,751.7,82,3
Italija,IT,Rim,08-Mar-18 7:00:00 PM,44856,11,751.7,82,2
Italija,IT,Rim,08-Mar-18 8:00:00 PM,41179,11,751.7,82,3
Italija,IT,Rim,08-Mar-18 8:00:00 PM,41179,11,751.7,82,3
Italija,IT,Rim,08-Mar-18 9:00:00 PM,37093,11,752.4,82,2
Italija,IT,Rim,08-Mar-18 9:00:00 PM,37093,11,752.4,82,3
Italija,IT,Rim,08-Mar-18 10:00:00 PM,33829,10,752.4,82,2
Italija,IT,Rim,08-Mar-18 10:00:00 PM,33829,10,752.4,82,2
Italija,IT,Rim,08-Mar-18 11:00:00 PM,30115,9,752.4,87,2
Italija,IT,Rim,08-Mar-18 11:00:00 PM,30115,10,752.4,82,2
Italija,IT,Rim,09-Mar-18 12:00:00 AM,28152,9,752.4,87,2
Italija,IT,Rim,09-Mar-18 12:00:00 AM,28152,9,752.4,87,2
Italija,IT,Rim,09-Mar-18 1:00:00 AM,27156,9,752.4,82,2
Italija,IT,Rim,09-Mar-18 1:00:00 AM,27156,9,752.4,87,2
Italija,IT,Rim,09-Mar-18 2:00:00 AM,26860,8,752.3,87,2
Italija,IT,Rim,09-Mar-18 2:00:00 AM,26860,8,752.3,87,2
Italija,IT,Rim,09-Mar-18 3:00:00 AM,27236,8,751.6,82,2
Italija,IT,Rim,09-Mar-18 3:00:00 AM,27236,8,751.6,87,2
Italija,IT,Rim,09-Mar-18 4:00:00 AM,29245,7,752.3,87,2
Italija,IT,Rim,09-Mar-18 4:00:00 AM,29245,7,751.5,87,2
Italija,IT,Rim,09-Mar-18 5:00:00 AM,34668,8,752.3,82,2
Italija,IT,Rim,09-Mar-18 5:00:00 AM,34668,7,752.3,87,3
Italija,IT,Rim,09-Mar-18 6:00:00 AM,40524,8,752.3,82,2
Italija,IT,Rim,09-Mar-18 6:00:00 AM,40524,8,752.3,82,2
Italija,IT,Rim,09-Mar-18 7:00:00 AM,45571,9,753.2,82,3
Italija,IT,Rim,09-Mar-18 7:00:00 AM,45571,8,752.3,82,2
Italija,IT,Rim,09-Mar-18 8:00:00 AM,46626,13,753.3,67,2
Italija,IT,Rim,09-Mar-18 8:00:00 AM,46626,11,753.2,77,3
Italija,IT,Rim,09-Mar-18 9:00:00 AM,46559,14,753.3,63,2
Italija,IT,Rim,09-Mar-18 9:00:00 AM,46559,13,753.3,63,1
Italija,IT,Rim,09-Mar-18 10:00:00 AM,45525,15,753.4,51,2
Italija,IT,Rim,09-Mar-18 10:00:00 AM,45525,14,753.3,63,2
Italija,IT,Rim,09-Mar-18 11:00:00 AM,42990,14,753.3,63,4
Italija,IT,Rim,09-Mar-18 11:00:00 AM,42990,15,753.4,59,3
Italija,IT,Rim,09-Mar-18 12:00:00 PM,42255,15,753.4,59,3
Italija,IT,Rim,09-Mar-18 12:00:00 PM,42255,15,753.4,59,3
Italija,IT,Rim,09-Mar-18 1:00:00 PM,43385,15,753.4,59,3
Italija,IT,Rim,09-Mar-18 1:00:00 PM,43385,15,753.4,59,4
Italija,IT,Rim,09-Mar-18 2:00:00 PM,44038,15,752.6,59,3
Italija,IT,Rim,09-Mar-18 2:00:00 PM,44038,15,752.6,59,3
Italija,IT,Rim,09-Mar-18 3:00:00 PM,43785,14,753.3,63,3
Italija,IT,Rim,09-Mar-18 3:00:00 PM,43785,14,753.3,59,3
Italija,IT,Rim,09-Mar-18 4:00:00 PM,43529,14,753.3,59,3
Italija,IT,Rim,09-Mar-18 4:00:00 PM,43529,14,753.3,63,3
Italija,IT,Rim,09-Mar-18 5:00:00 PM,45858,13,753.3,67,2
Italija,IT,Rim,09-Mar-18 5:00:00 PM,45858,13,753.3,67,2
Italija,IT,Rim,09-Mar-18 6:00:00 PM,46683,12,753.3,77,2
Italija,IT,Rim,09-Mar-18 6:00:00 PM,46683,12,753.3,72,1
Italija,IT,Rim,09-Mar-18 7:00:00 PM,43618,10,753.2,82,1
Italija,IT,Rim,09-Mar-18 7:00:00 PM,43618,11,753.2,77,2
Italija,IT,Rim,09-Mar-18 8:00:00 PM,40175,9,753.9,87,2
Italija,IT,Rim,09-Mar-18 8:00:00 PM,40175,10,753.9,82,2
Italija,IT,Rim,09-Mar-18 9:00:00 PM,36178,8,754.6,93,2
Italija,IT,Rim,09-Mar-18 9:00:00 PM,36178,9,753.9,87,3
Italija,IT,Rim,09-Mar-18 10:00:00 PM,32441,8,754.6,87,3
Italija,IT,Rim,09-Mar-18 10:00:00 PM,32441,8,754.6,93,2
Italija,IT,Rim,09-Mar-18 11:00:00 PM,28792,8,753.8,87,3
Italija,IT,Rim,09-Mar-18 11:00:00 PM,28792,8,753.8,87,3
Italija,IT,Rim,10-Mar-18 12:00:00 AM,27049,8,753.8,87,2
Italija,IT,Rim,10-Mar-18 12:00:00 AM,27049,8,753.8,87,3
Italija,IT,Rim,10-Mar-18 2:00:00 AM,25745,7,753.1,87,2
Italija,IT,Rim,10-Mar-18 2:00:00 AM,25745,8,753.1,82,2
Italija,IT,Rim,10-Mar-18 3:00:00 AM,25710,8,753.1,87,3
Italija,IT,Rim,10-Mar-18 4:00:00 AM,26475,8,753.1,87,2
Italija,IT,Rim,10-Mar-18 5:00:00 AM,28320,9,752.4,76,3
Italija,IT,Rim,10-Mar-18 6:00:00 AM,31175,8,753.1,87,2
Italija,IT,Rim,10-Mar-18 6:00:00 AM,31175,9,752.4,76,2
Italija,IT,Rim,10-Mar-18 7:00:00 AM,34375,11,753.2,77,3
Italija,IT,Rim,10-Mar-18 7:00:00 AM,34375,8,753.1,87,2
Italija,IT,Rim,10-Mar-18 8:00:00 AM,36104,12,753.3,72,3
Italija,IT,Rim,10-Mar-18 8:00:00 AM,36104,12,753.3,72,3
Italija,IT,Rim,10-Mar-18 9:00:00 AM,36053,13,753.3,72,5
Italija,IT,Rim,10-Mar-18 9:00:00 AM,36053,13,754,67,3
Italija,IT,Rim,10-Mar-18 10:00:00 AM,35586,14,753.3,72,6
Italija,IT,Rim,10-Mar-18 10:00:00 AM,35586,14,753.3,72,5
Italija,IT,Rim,10-Mar-18 11:00:00 AM,34430,14,753.3,72,5
Italija,IT,Rim,10-Mar-18 11:00:00 AM,34430,14,753.3,72,6
Italija,IT,Rim,10-Mar-18 12:00:00 PM,32551,15,753.4,72,6
Italija,IT,Rim,10-Mar-18 12:00:00 PM,32551,15,753.4,72,6
Italija,IT,Rim,10-Mar-18 1:00:00 PM,31909,16,752.6,63,5
Italija,IT,Rim,10-Mar-18 1:00:00 PM,31909,15,752.6,72,6
Italija,IT,Rim,10-Mar-18 2:00:00 PM,31506,16,752.6,68,5
Italija,IT,Rim,10-Mar-18 2:00:00 PM,31506,16,752.6,68,5
Italija,IT,Rim,10-Mar-18 3:00:00 PM,32269,16,752.6,68,5
Italija,IT,Rim,10-Mar-18 3:00:00 PM,32269,16,752.6,68,6
Italija,IT,Rim,10-Mar-18 4:00:00 PM,33389,15,751.8,72,4
Italija,IT,Rim,10-Mar-18 4:00:00 PM,33389,16,751.8,68,5
Italija,IT,Rim,10-Mar-18 5:00:00 PM,36813,14,751.8,77,4
Italija,IT,Rim,10-Mar-18 5:00:00 PM,36813,15,751.8,72,3
Italija,IT,Rim,10-Mar-18 6:00:00 PM,38040,14,751.8,77,3
Italija,IT,Rim,10-Mar-18 6:00:00 PM,38040,14,751.8,77,4
Italija,IT,Rim,10-Mar-18 7:00:00 PM,36140,13,751.7,77,4
Italija,IT,Rim,10-Mar-18 7:00:00 PM,36140,13,751.7,82,4
Italija,IT,Rim,10-Mar-18 8:00:00 PM,33206,12,751.7,88,3
Italija,IT,Rim,10-Mar-18 8:00:00 PM,33206,13,751.7,77,4
Italija,IT,Rim,10-Mar-18 9:00:00 PM,30653,12,752.5,88,2
Italija,IT,Rim,10-Mar-18 9:00:00 PM,30653,13,751.7,82,3
Italija,IT,Rim,10-Mar-18 10:00:00 PM,28334,11,751.7,88,2
Italija,IT,Rim,10-Mar-18 10:00:00 PM,28334,11,752.4,88,3
Italija,IT,Rim,10-Mar-18 11:00:00 PM,26160,12,751.7,88,1
Italija,IT,Rim,10-Mar-18 11:00:00 PM,26160,12,751.7,82,1
Italija,IT,Rim,11-Mar-18 12:00:00 AM,24024,14,751.1,67,3
Italija,IT,Rim,11-Mar-18 12:00:00 AM,24024,12,751.7,88,1
Italija,IT,Rim,11-Mar-18 1:00:00 AM,23019,14,751.1,77,3
Italija,IT,Rim,11-Mar-18 1:00:00 AM,23019,14,751.1,72,4
Italija,IT,Rim,11-Mar-18 2:00:00 AM,22496,14,750.3,77,3
Italija,IT,Rim,11-Mar-18 2:00:00 AM,22496,14,751.1,77,2
Italija,IT,Rim,11-Mar-18 3:00:00 AM,22620,14,749.6,77,3
Italija,IT,Rim,11-Mar-18 3:00:00 AM,22620,14,750.3,77,3
Italija,IT,Rim,11-Mar-18 4:00:00 AM,23463,15,748.8,72,7
Italija,IT,Rim,11-Mar-18 4:00:00 AM,23463,15,748.8,72,5
Italija,IT,Rim,11-Mar-18 5:00:00 AM,23990,15,748.3,72,4
Italija,IT,Rim,11-Mar-18 5:00:00 AM,23990,15,748.8,72,7
Italija,IT,Rim,11-Mar-18 6:00:00 AM,24772,16,748.4,68,7
Italija,IT,Rim,11-Mar-18 6:00:00 AM,24772,15,748.3,72,6
Italija,IT,Rim,11-Mar-18 7:00:00 AM,26807,17,747.6,64,5
Italija,IT,Rim,11-Mar-18 7:00:00 AM,26807,16,747.6,68,6
Italija,IT,Rim,11-Mar-18 8:00:00 AM,28998,17,747.6,64,7
Italija,IT,Rim,11-Mar-18 8:00:00 AM,28998,16,747.6,72,4
Italija,IT,Rim,11-Mar-18 9:00:00 AM,30629,17,747.6,64,7
Italija,IT,Rim,11-Mar-18 9:00:00 AM,30629,17,748.4,64,6
Italija,IT,Rim,11-Mar-18 10:00:00 AM,32012,16,748.4,72,3
Italija,IT,Rim,11-Mar-18 10:00:00 AM,32012,15,748.8,77,6
Italija,IT,Rim,11-Mar-18 11:00:00 AM,31892,19,747,56,9
Italija,IT,Rim,11-Mar-18 11:00:00 AM,31892,18,747.6,64,6
Italija,IT,Rim,11-Mar-18 12:00:00 PM,29022,20,746.2,56,10
Italija,IT,Rim,11-Mar-18 12:00:00 PM,29022,19,746.2,60,11
Italija,IT,Rim,11-Mar-18 1:00:00 PM,27847,20,745.4,53,10
Italija,IT,Rim,11-Mar-18 1:00:00 PM,27847,20,745.4,53,10
Italija,IT,Rim,11-Mar-18 2:00:00 PM,28873,18,745.4,64,10
Italija,IT,Rim,11-Mar-18 2:00:00 PM,28873,19,745.4,60,9
Italija,IT,Rim,11-Mar-18 3:00:00 PM,30094,16,745.3,72,8
Italija,IT,Rim,11-Mar-18 3:00:00 PM,30094,17,744.6,68,10
Italija,IT,Rim,11-Mar-18 4:00:00 PM,31408,14,745.2,94,6
Italija,IT,Rim,11-Mar-18 4:00:00 PM,31408,15,745.3,88,6
Italija,IT,Rim,11-Mar-18 5:00:00 PM,34628,14,745.2,94,5
Italija,IT,Rim,11-Mar-18 5:00:00 PM,34628,14,745.2,94,7
Italija,IT,Rim,11-Mar-18 6:00:00 PM,36076,14,745.2,94,4
Italija,IT,Rim,11-Mar-18 6:00:00 PM,36076,14,745.2,94,5
Italija,IT,Rim,11-Mar-18 7:00:00 PM,34985,14,746,88,4
Italija,IT,Rim,11-Mar-18 7:00:00 PM,34985,14,745.2,94,4
Italija,IT,Rim,11-Mar-18 8:00:00 PM,33101,14,746,88,4
Italija,IT,Rim,11-Mar-18 8:00:00 PM,33101,13,746,88,3
Italija,IT,Rim,11-Mar-18 9:00:00 PM,30570,13,746,88,5
Italija,IT,Rim,11-Mar-18 9:00:00 PM,30570,13,746,94,5
Italija,IT,Rim,11-Mar-18 10:00:00 PM,27727,13,746,94,6
Italija,IT,Rim,11-Mar-18 10:00:00 PM,27727,13,746,94,5
Italija,IT,Rim,11-Mar-18 11:00:00 PM,25564,13,746.8,88,5
Italija,IT,Rim,11-Mar-18 11:00:00 PM,25564,13,746.8,94,5
Italija,IT,Rim,12-Mar-18 12:00:00 AM,23937,13,746.8,88,4
Italija,IT,Rim,12-Mar-18 12:00:00 AM,23937,13,746.8,88,5
Italija,IT,Rim,12-Mar-18 1:00:00 AM,23241,13,746.8,88,4
Italija,IT,Rim,12-Mar-18 2:00:00 AM,23190,12,746,88,3
Italija,IT,Rim,12-Mar-18 3:00:00 AM,23846,12,745.2,88,4
Italija,IT,Rim,12-Mar-18 3:00:00 AM,23846,12,746,88,3
Italija,IT,Rim,12-Mar-18 4:00:00 AM,26194,12,746,82,3
Italija,IT,Rim,12-Mar-18 4:00:00 AM,26194,12,745.2,77,3
Italija,IT,Rim,12-Mar-18 5:00:00 AM,32181,12,746,88,4
Italija,IT,Rim,12-Mar-18 6:00:00 AM,38450,12,745.2,94,4
Italija,IT,Rim,12-Mar-18 6:00:00 AM,38450,12,745.2,94,5
Italija,IT,Rim,12-Mar-18 7:00:00 AM,43314,13,745.2,88,4
Italija,IT,Rim,12-Mar-18 7:00:00 AM,43314,12,745.2,94,4
Italija,IT,Rim,12-Mar-18 8:00:00 AM,44473,13,745.2,88,6
Italija,IT,Rim,12-Mar-18 8:00:00 AM,44473,13,745.2,88,5
Italija,IT,Rim,12-Mar-18 9:00:00 AM,45545,11,745.1,94,7
Italija,IT,Rim,12-Mar-18 9:00:00 AM,45545,12,744.5,94,5
Italija,IT,Rim,12-Mar-18 10:00:00 AM,45544,12,745.2,82,3
Italija,IT,Rim,12-Mar-18 10:00:00 AM,45544,10,745.9,88,4
Italija,IT,Rim,12-Mar-18 11:00:00 AM,42618,15,745.3,68,3
Italija,IT,Rim,12-Mar-18 11:00:00 AM,42618,13,745.2,77,2
Italija,IT,Rim,12-Mar-18 12:00:00 PM,43196,15,745.3,63,4
Italija,IT,Rim,12-Mar-18 12:00:00 PM,43196,14,746,67,4
Italija,IT,Rim,12-Mar-18 1:00:00 PM,43954,14,745.2,59,5
Italija,IT,Rim,12-Mar-18 1:00:00 PM,43954,16,745.3,52,5
Italija,IT,Rim,12-Mar-18 2:00:00 PM,44420,11,745.1,82,6
Italija,IT,Rim,12-Mar-18 2:00:00 PM,44420,14,745.2,59,4
Italija,IT,Rim,12-Mar-18 3:00:00 PM,44189,11,745.1,88,2
Italija,IT,Rim,12-Mar-18 3:00:00 PM,44189,11,745.1,88,3
Italija,IT,Rim,12-Mar-18 4:00:00 PM,43259,13,745.2,88,3
Italija,IT,Rim,12-Mar-18 4:00:00 PM,43259,12,745.2,88,3
Italija,IT,Rim,12-Mar-18 5:00:00 PM,45551,14,746,82,3
Italija,IT,Rim,12-Mar-18 5:00:00 PM,45551,14,745.2,82,3
Italija,IT,Rim,12-Mar-18 6:00:00 PM,46868,13,746,82,3
Italija,IT,Rim,12-Mar-18 6:00:00 PM,46868,13,746,88,2
Italija,IT,Rim,12-Mar-18 7:00:00 PM,44243,13,746.8,82,2
Italija,IT,Rim,12-Mar-18 7:00:00 PM,44243,13,746.8,82,2
Italija,IT,Rim,12-Mar-18 8:00:00 PM,40834,12,747.4,88,3
Italija,IT,Rim,12-Mar-18 8:00:00 PM,40834,12,747.4,88,3
Italija,IT,Rim,12-Mar-18 9:00:00 PM,36372,12,747.4,88,3
Italija,IT,Rim,12-Mar-18 9:00:00 PM,36372,12,747.4,88,3
Italija,IT,Rim,12-Mar-18 10:00:00 PM,32705,12,747.4,88,3
Italija,IT,Rim,12-Mar-18 10:00:00 PM,32705,12,747.4,88,2
Italija,IT,Rim,12-Mar-18 11:00:00 PM,29682,12,747.4,88,2
Italija,IT,Rim,12-Mar-18 11:00:00 PM,29682,12,747.4,88,3
Italija,IT,Rim,13-Mar-18 12:00:00 AM,27752,12,747.4,88,2
Italija,IT,Rim,13-Mar-18 12:00:00 AM,27752,12,747.4,88,2
Italija,IT,Rim,13-Mar-18 1:00:00 AM,26703,12,747.4,82,2
Italija,IT,Rim,13-Mar-18 1:00:00 AM,26703,12,747.4,82,2
Italija,IT,Rim,13-Mar-18 2:00:00 AM,26488,12,747.4,82,2
Italija,IT,Rim,13-Mar-18 3:00:00 AM,27030,12,747.4,88,3
Italija,IT,Rim,13-Mar-18 3:00:00 AM,27030,12,747.4,82,2
Italija,IT,Rim,13-Mar-18 5:00:00 AM,34266,11,747.4,88,2
Italija,IT,Rim,13-Mar-18 5:00:00 AM,34266,11,747.4,94,2
Italija,IT,Rim,13-Mar-18 6:00:00 AM,40490,11,747.4,88,2
Italija,IT,Rim,13-Mar-18 6:00:00 AM,40490,11,747.4,88,2
Italija,IT,Rim,13-Mar-18 7:00:00 AM,45384,12,748.2,82,2
Italija,IT,Rim,13-Mar-18 7:00:00 AM,45384,11,747.4,88,2
Italija,IT,Rim,13-Mar-18 8:00:00 AM,46727,13,748.3,77,3
Italija,IT,Rim,13-Mar-18 8:00:00 AM,46727,12,748.2,82,3
Italija,IT,Rim,13-Mar-18 9:00:00 AM,46185,14,748.8,72,3
Italija,IT,Rim,13-Mar-18 9:00:00 AM,46185,13,748.8,77,2
Italija,IT,Rim,13-Mar-18 10:00:00 AM,45322,15,748.3,63,4
Italija,IT,Rim,13-Mar-18 10:00:00 AM,45322,14,748.8,72,3
Italija,IT,Rim,13-Mar-18 11:00:00 AM,42560,16,748.9,63,4
Italija,IT,Rim,13-Mar-18 11:00:00 AM,42560,15,748.3,68,4
Italija,IT,Rim,13-Mar-18 12:00:00 PM,42078,14,748.8,67,4
Italija,IT,Rim,13-Mar-18 12:00:00 PM,42078,15,748.8,63,4
Italija,IT,Rim,13-Mar-18 1:00:00 PM,44180,15,748.3,59,4
Italija,IT,Rim,13-Mar-18 1:00:00 PM,44180,15,748.3,63,5
Italija,IT,Rim,13-Mar-18 2:00:00 PM,44278,15,748.3,59,3
Italija,IT,Rim,13-Mar-18 2:00:00 PM,44278,15,748.3,59,4
Italija,IT,Rim,13-Mar-18 3:00:00 PM,44605,15,748.3,55,4
Italija,IT,Rim,13-Mar-18 3:00:00 PM,44605,15,748.3,55,4
Italija,IT,Rim,13-Mar-18 4:00:00 PM,43579,14,748.3,55,3
Italija,IT,Rim,13-Mar-18 4:00:00 PM,43579,15,748.3,55,4
Italija,IT,Rim,13-Mar-18 5:00:00 PM,45844,13,748.3,72,2
Italija,IT,Rim,13-Mar-18 6:00:00 PM,47239,12,748.7,82,3
Italija,IT,Rim,13-Mar-18 6:00:00 PM,47239,12,748.7,82,2
Italija,IT,Rim,13-Mar-18 7:00:00 PM,44921,11,749.5,82,2
Italija,IT,Rim,13-Mar-18 7:00:00 PM,44921,12,748.7,77,3
Italija,IT,Rim,13-Mar-18 8:00:00 PM,41371,11,749.5,82,2
Italija,IT,Rim,13-Mar-18 8:00:00 PM,41371,11,749.5,82,2
Italija,IT,Rim,13-Mar-18 9:00:00 PM,37101,10,749.4,88,3
Italija,IT,Rim,13-Mar-18 9:00:00 PM,37101,10,749.4,82,2
Italija,IT,Rim,13-Mar-18 10:00:00 PM,33457,9,749.4,87,3
Italija,IT,Rim,13-Mar-18 10:00:00 PM,33457,10,749.4,82,3
Italija,IT,Rim,13-Mar-18 11:00:00 PM,30109,9,749.4,87,2
Italija,IT,Rim,13-Mar-18 11:00:00 PM,30109,10,749.4,82,2
Italija,IT,Rim,14-Mar-18 12:00:00 AM,28087,9,748.6,87,3
Italija,IT,Rim,14-Mar-18 12:00:00 AM,28087,9,749.4,94,2
Italija,IT,Rim,14-Mar-18 1:00:00 AM,27145,8,748.6,93,3
Italija,IT,Rim,14-Mar-18 1:00:00 AM,27145,9,748.6,87,3
Italija,IT,Rim,14-Mar-18 2:00:00 AM,26863,8,749.4,87,2
Italija,IT,Rim,14-Mar-18 2:00:00 AM,26863,8,749.4,93,2
Italija,IT,Rim,14-Mar-18 3:00:00 AM,27466,7,748.6,87,2
Italija,IT,Rim,14-Mar-18 4:00:00 AM,29641,7,748.6,87,3
Italija,IT,Rim,14-Mar-18 5:00:00 AM,34696,6,749.3,93,3
Italija,IT,Rim,14-Mar-18 5:00:00 AM,34696,6,749.3,93,3
Italija,IT,Rim,14-Mar-18 6:00:00 AM,40738,7,749.3,87,2
Italija,IT,Rim,14-Mar-18 6:00:00 AM,40738,6,749.3,93,3
Italija,IT,Rim,14-Mar-18 7:00:00 AM,45641,8,750.1,87,2
Italija,IT,Rim,14-Mar-18 7:00:00 AM,45641,8,749.4,82,2
Italija,IT,Rim,14-Mar-18 8:00:00 AM,46555,10,750.1,76,3
Italija,IT,Rim,14-Mar-18 8:00:00 AM,46555,9,750.1,82,3
Italija,IT,Rim,14-Mar-18 9:00:00 AM,46224,12,750.2,63,3
Italija,IT,Rim,14-Mar-18 9:00:00 AM,46224,12,750.2,67,3
Italija,IT,Rim,14-Mar-18 10:00:00 AM,45995,13,750.2,59,3
Italija,IT,Rim,14-Mar-18 10:00:00 AM,45995,13,750.2,63,3
Italija,IT,Rim,14-Mar-18 11:00:00 AM,44119,14,750.3,55,4
Italija,IT,Rim,14-Mar-18 11:00:00 AM,44119,14,750.3,51,4
Italija,IT,Rim,14-Mar-18 12:00:00 PM,43768,15,750.3,51,4
Italija,IT,Rim,14-Mar-18 12:00:00 PM,43768,15,750.3,48,4
Italija,IT,Rim,14-Mar-18 1:00:00 PM,44550,16,749.6,48,3
Italija,IT,Rim,14-Mar-18 1:00:00 PM,44550,15,749.6,51,4
Italija,IT,Rim,14-Mar-18 2:00:00 PM,45067,15,749.6,59,5
Italija,IT,Rim,14-Mar-18 2:00:00 PM,45067,15,749.6,48,4
Italija,IT,Rim,14-Mar-18 3:00:00 PM,44550,15,749.6,55,5
Italija,IT,Rim,14-Mar-18 3:00:00 PM,44550,16,748.9,52,4
Italija,IT,Rim,14-Mar-18 4:00:00 PM,43460,14,749.6,51,4
Italija,IT,Rim,14-Mar-18 4:00:00 PM,43460,15,748.8,51,4
Italija,IT,Rim,14-Mar-18 5:00:00 PM,45965,13,749.5,63,3
Italija,IT,Rim,14-Mar-18 5:00:00 PM,45965,14,748.8,59,3
Italija,IT,Rim,14-Mar-18 6:00:00 PM,47866,11,749.5,77,2
Italija,IT,Rim,14-Mar-18 6:00:00 PM,47866,12,749.5,72,2
Italija,IT,Rim,14-Mar-18 7:00:00 PM,45004,10,750.1,82,2
Italija,IT,Rim,14-Mar-18 7:00:00 PM,45004,11,750.2,77,2
Italija,IT,Rim,14-Mar-18 8:00:00 PM,41609,9,750.1,87,2
Italija,IT,Rim,14-Mar-18 8:00:00 PM,41609,10,750.1,82,2
Italija,IT,Rim,14-Mar-18 9:00:00 PM,37175,8,750.1,93,3
Italija,IT,Rim,14-Mar-18 9:00:00 PM,37175,8,750.1,87,3
Italija,IT,Rim,14-Mar-18 10:00:00 PM,33360,8,749.4,87,3
Italija,IT,Rim,14-Mar-18 10:00:00 PM,33360,8,750.1,87,3
Italija,IT,Rim,14-Mar-18 11:00:00 PM,30180,8,749.4,87,3
Italija,IT,Rim,14-Mar-18 11:00:00 PM,30180,8,750.1,87,2
Italija,IT,Rim,15-Mar-18 12:00:00 AM,28141,8,749.4,87,3
Italija,IT,Rim,15-Mar-18 12:00:00 AM,28141,8,749.4,87,3
Italija,IT,Rim,15-Mar-18 1:00:00 AM,27081,8,749.4,93,3
Italija,IT,Rim,15-Mar-18 1:00:00 AM,27081,8,749.4,87,3
Italija,IT,Rim,15-Mar-18 2:00:00 AM,26866,8,748.6,93,3
Italija,IT,Rim,15-Mar-18 2:00:00 AM,26866,8,749.4,93,4
Italija,IT,Rim,15-Mar-18 3:00:00 AM,27209,8,748.6,87,3
Italija,IT,Rim,15-Mar-18 3:00:00 AM,27209,8,748.6,93,3
Italija,IT,Rim,15-Mar-18 4:00:00 AM,29307,8,748.6,93,2
Italija,IT,Rim,15-Mar-18 5:00:00 AM,34109,8,748.6,87,3
Italija,IT,Rim,15-Mar-18 5:00:00 AM,34109,8,748.6,87,2
Italija,IT,Rim,15-Mar-18 6:00:00 AM,39942,8,748.6,82,1
Italija,IT,Rim,15-Mar-18 6:00:00 AM,39942,8,748.6,82,2
Italija,IT,Rim,15-Mar-18 7:00:00 AM,44423,11,748.7,72,5
Italija,IT,Rim,15-Mar-18 7:00:00 AM,44423,10,748.7,76,3
Italija,IT,Rim,15-Mar-18 8:00:00 AM,45225,12,748.7,72,5
Italija,IT,Rim,15-Mar-18 8:00:00 AM,45225,11,748.7,77,6
Italija,IT,Rim,15-Mar-18 9:00:00 AM,45250,12,748.7,72,7
Italija,IT,Rim,15-Mar-18 9:00:00 AM,45250,12,748.7,72,8
Italija,IT,Rim,15-Mar-18 10:00:00 AM,44930,12,748.2,72,7
Italija,IT,Rim,15-Mar-18 10:00:00 AM,44930,12,748.7,72,7
Italija,IT,Rim,15-Mar-18 11:00:00 AM,42823,14,747.5,55,6
Italija,IT,Rim,15-Mar-18 11:00:00 AM,42823,13,748.3,63,5
Italija,IT,Rim,15-Mar-18 12:00:00 PM,42353,14,747.5,55,6
Italija,IT,Rim,15-Mar-18 12:00:00 PM,42353,14,747.5,55,5
Italija,IT,Rim,15-Mar-18 1:00:00 PM,43854,14,746,59,8
Italija,IT,Rim,15-Mar-18 1:00:00 PM,43854,14,746.8,55,6
Italija,IT,Rim,15-Mar-18 2:00:00 PM,44875,14,746,63,7
Italija,IT,Rim,15-Mar-18 2:00:00 PM,44875,13,746,67,6
Italija,IT,Rim,15-Mar-18 3:00:00 PM,45644,14,745.2,63,9
Italija,IT,Rim,15-Mar-18 3:00:00 PM,45644,14,745.2,63,7
Italija,IT,Rim,15-Mar-18 4:00:00 PM,45737,13,744.5,72,8
Italija,IT,Rim,15-Mar-18 4:00:00 PM,45737,14,744.5,67,10
Italija,IT,Rim,15-Mar-18 5:00:00 PM,47217,13,744.5,72,8
Italija,IT,Rim,15-Mar-18 5:00:00 PM,47217,13,744.5,72,8
Italija,IT,Rim,15-Mar-18 6:00:00 PM,47484,13,743.7,63,10
Italija,IT,Rim,15-Mar-18 6:00:00 PM,47484,13,744.5,72,9
Italija,IT,Rim,15-Mar-18 7:00:00 PM,44973,13,744.5,67,11
Italija,IT,Rim,15-Mar-18 7:00:00 PM,44973,13,744.5,63,9
Italija,IT,Rim,15-Mar-18 8:00:00 PM,41433,13,744.5,67,11
Italija,IT,Rim,15-Mar-18 8:00:00 PM,41433,13,744.5,67,10
Italija,IT,Rim,15-Mar-18 9:00:00 PM,37512,12,744.5,77,9
Italija,IT,Rim,15-Mar-18 9:00:00 PM,37512,13,744.5,67,11
Italija,IT,Rim,15-Mar-18 10:00:00 PM,33823,12,744.5,88,9
Italija,IT,Rim,15-Mar-18 10:00:00 PM,33823,12,743.7,82,9
Italija,IT,Rim,15-Mar-18 11:00:00 PM,30568,13,744.5,88,8
Italija,IT,Rim,15-Mar-18 11:00:00 PM,30568,13,743.7,82,9
Italija,IT,Rim,16-Mar-18 12:00:00 AM,28486,12,744.5,94,6
Italija,IT,Rim,16-Mar-18 12:00:00 AM,28486,13,744.5,88,7
Italija,IT,Rim,16-Mar-18 1:00:00 AM,27490,13,744.5,88,4
Italija,IT,Rim,16-Mar-18 1:00:00 AM,27490,13,744.5,94,4
Italija,IT,Rim,16-Mar-18 2:00:00 AM,27242,12,744.5,94,4
Italija,IT,Rim,16-Mar-18 2:00:00 AM,27242,13,744.5,88,4
Italija,IT,Rim,16-Mar-18 3:00:00 AM,27693,13,743.7,82,5
Italija,IT,Rim,16-Mar-18 3:00:00 AM,27693,13,744.5,88,5
Italija,IT,Rim,16-Mar-18 4:00:00 AM,29734,13,744.5,82,4
Italija,IT,Rim,16-Mar-18 4:00:00 AM,29734,13,744.5,82,4
Italija,IT,Rim,16-Mar-18 5:00:00 AM,34297,13,744.5,82,3
Italija,IT,Rim,16-Mar-18 5:00:00 AM,34297,13,744.5,82,4
Italija,IT,Rim,16-Mar-18 6:00:00 AM,39914,13,744.5,77,3
Italija,IT,Rim,16-Mar-18 6:00:00 AM,39914,13,744.5,82,3
Italija,IT,Rim,16-Mar-18 7:00:00 AM,44413,13,745.2,82,3
Italija,IT,Rim,16-Mar-18 7:00:00 AM,44413,13,745.2,82,3
Italija,IT,Rim,16-Mar-18 8:00:00 AM,45545,14,745.2,77,3
Italija,IT,Rim,16-Mar-18 8:00:00 AM,45545,14,745.2,77,3
Italija,IT,Rim,16-Mar-18 9:00:00 AM,45610,15,745.3,77,4
Italija,IT,Rim,16-Mar-18 9:00:00 AM,45610,15,745.3,72,3
Italija,IT,Rim,16-Mar-18 10:00:00 AM,45588,16,745.3,72,4
Italija,IT,Rim,16-Mar-18 10:00:00 AM,45588,15,745.3,72,4
Italija,IT,Rim,16-Mar-18 11:00:00 AM,43213,16,745.3,72,4
Italija,IT,Rim,16-Mar-18 11:00:00 AM,43213,16,745.3,72,3
Italija,IT,Rim,16-Mar-18 12:00:00 PM,42379,16,745.3,68,3
Italija,IT,Rim,16-Mar-18 12:00:00 PM,42379,16,745.3,72,4
Italija,IT,Rim,16-Mar-18 1:00:00 PM,43447,16,745.3,63,2
Italija,IT,Rim,16-Mar-18 1:00:00 PM,43447,16,745.3,63,3
Italija,IT,Rim,16-Mar-18 2:00:00 PM,43230,17,744.6,56,2
Italija,IT,Rim,16-Mar-18 2:00:00 PM,43230,17,744.6,52,3
Italija,IT,Rim,16-Mar-18 3:00:00 PM,42841,16,744.6,63,3
Italija,IT,Rim,16-Mar-18 3:00:00 PM,42841,17,744.6,52,2
Italija,IT,Rim,16-Mar-18 4:00:00 PM,42454,15,744.6,63,2
Italija,IT,Rim,16-Mar-18 4:00:00 PM,42454,15,744.6,63,3
Italija,IT,Rim,16-Mar-18 5:00:00 PM,44885,15,743.8,63,2
Italija,IT,Rim,16-Mar-18 5:00:00 PM,44885,15,744.6,68,2
Italija,IT,Rim,16-Mar-18 6:00:00 PM,46173,14,743.8,72,1
Italija,IT,Rim,16-Mar-18 6:00:00 PM,46173,14,743.8,72,1
Italija,IT,Rim,16-Mar-18 7:00:00 PM,43494,14,743.8,72,1
Italija,IT,Rim,16-Mar-18 7:00:00 PM,43494,14,743.8,72,1
Italija,IT,Rim,16-Mar-18 8:00:00 PM,39912,13,742.9,77,1
Italija,IT,Rim,16-Mar-18 8:00:00 PM,39912,13,743.7,77,1
Italija,IT,Rim,16-Mar-18 9:00:00 PM,35877,14,743,72,1
Italija,IT,Rim,16-Mar-18 9:00:00 PM,35877,13,742.9,77,2
Italija,IT,Rim,16-Mar-18 10:00:00 PM,32291,13,742.9,77,1
Italija,IT,Rim,16-Mar-18 10:00:00 PM,32291,13,742.9,77,1
Italija,IT,Rim,16-Mar-18 11:00:00 PM,29331,12,742.9,82,1
Italija,IT,Rim,16-Mar-18 11:00:00 PM,29331,12,742.9,82,1
Italija,IT,Rim,17-Mar-18 12:00:00 AM,27200,12,741.4,82,3
Italija,IT,Rim,17-Mar-18 12:00:00 AM,27200,12,742.2,82,2
Italija,IT,Rim,17-Mar-18 1:00:00 AM,26078,13,740.8,77,3
Italija,IT,Rim,17-Mar-18 1:00:00 AM,26078,13,740.8,72,3
Italija,IT,Rim,17-Mar-18 2:00:00 AM,25622,12,739.9,82,2
Italija,IT,Rim,17-Mar-18 3:00:00 AM,25701,11,738.4,88,2
Italija,IT,Rim,17-Mar-18 3:00:00 AM,25701,12,739.1,88,2
Italija,IT,Rim,17-Mar-18 4:00:00 AM,26483,11,737.6,88,3
Italija,IT,Rim,17-Mar-18 4:00:00 AM,26483,10,738.4,94,2
Italija,IT,Rim,17-Mar-18 5:00:00 AM,28245,10,738.4,88,4
Italija,IT,Rim,17-Mar-18 5:00:00 AM,28245,10,738.4,94,3
Italija,IT,Rim,17-Mar-18 6:00:00 AM,31493,10,737.6,88,3
Italija,IT,Rim,17-Mar-18 6:00:00 AM,31493,10,737.6,88,3
Italija,IT,Rim,17-Mar-18 7:00:00 AM,34838,10,737.6,88,4
Italija,IT,Rim,17-Mar-18 7:00:00 AM,34838,10,737.6,88,4
Italija,IT,Rim,17-Mar-18 8:00:00 AM,37093,10,737.6,88,4
Italija,IT,Rim,17-Mar-18 8:00:00 AM,37093,10,737.6,88,3
Italija,IT,Rim,17-Mar-18 9:00:00 AM,37458,11,736.9,88,3
Italija,IT,Rim,17-Mar-18 9:00:00 AM,37458,10,736.9,88,3
Italija,IT,Rim,17-Mar-18 10:00:00 AM,37087,11,737.6,88,3
Italija,IT,Rim,17-Mar-18 10:00:00 AM,37087,11,736.9,82,4
Italija,IT,Rim,17-Mar-18 11:00:00 AM,35775,11,738.4,88,2
Italija,IT,Rim,17-Mar-18 11:00:00 AM,35775,11,737.6,88,3
Italija,IT,Rim,17-Mar-18 12:00:00 PM,33554,12,737.7,77,2
Italija,IT,Rim,17-Mar-18 12:00:00 PM,33554,12,737.7,88,1
Italija,IT,Rim,17-Mar-18 1:00:00 PM,33340,12,737.7,82,1
Italija,IT,Rim,17-Mar-18 1:00:00 PM,33340,12,737.7,82,1
Italija,IT,Rim,17-Mar-18 2:00:00 PM,34054,11,737.6,88,3
Italija,IT,Rim,17-Mar-18 2:00:00 PM,34054,11,737.6,88,4
Italija,IT,Rim,17-Mar-18 3:00:00 PM,34299,12,737.7,88,3
Italija,IT,Rim,17-Mar-18 3:00:00 PM,34299,11,737.6,88,3
Italija,IT,Rim,17-Mar-18 4:00:00 PM,34078,12,737.7,88,4
Italija,IT,Rim,17-Mar-18 4:00:00 PM,34078,12,737.7,88,3
Italija,IT,Rim,17-Mar-18 5:00:00 PM,36589,12,738.5,82,3
Italija,IT,Rim,17-Mar-18 5:00:00 PM,36589,13,738.5,77,3
Italija,IT,Rim,17-Mar-18 6:00:00 PM,38349,11,738.4,88,2
Italija,IT,Rim,17-Mar-18 6:00:00 PM,38349,12,738.5,82,2
Italija,IT,Rim,17-Mar-18 7:00:00 PM,36015,11,739.1,88,2
Italija,IT,Rim,17-Mar-18 7:00:00 PM,36015,11,739.1,88,2
Italija,IT,Rim,17-Mar-18 8:00:00 PM,33147,10,739.9,88,2
Italija,IT,Rim,17-Mar-18 8:00:00 PM,33147,10,739.1,88,2
Italija,IT,Rim,17-Mar-18 9:00:00 PM,30631,10,739.9,88,2
Italija,IT,Rim,17-Mar-18 9:00:00 PM,30631,11,739.9,82,2
Italija,IT,Rim,17-Mar-18 10:00:00 PM,28419,11,740.7,82,2
Italija,IT,Rim,17-Mar-18 10:00:00 PM,28419,11,740.7,82,2
Italija,IT,Rim,17-Mar-18 11:00:00 PM,26163,10,740.7,88,2
Italija,IT,Rim,17-Mar-18 11:00:00 PM,26163,10,740.7,88,2
Italija,IT,Rim,18-Mar-18 12:00:00 AM,24103,10,740.7,82,2
Italija,IT,Rim,18-Mar-18 12:00:00 AM,24103,10,740.7,82,3
Italija,IT,Rim,18-Mar-18 1:00:00 AM,22963,9,740.6,87,2
Italija,IT,Rim,18-Mar-18 1:00:00 AM,22963,10,740.7,82,2
Italija,IT,Rim,18-Mar-18 2:00:00 AM,22564,8,739,87,3
Italija,IT,Rim,18-Mar-18 2:00:00 AM,22564,9,739.8,87,3
Italija,IT,Rim,18-Mar-18 3:00:00 AM,22692,9,739,82,4
Italija,IT,Rim,18-Mar-18 3:00:00 AM,22692,9,739,82,3
Italija,IT,Rim,18-Mar-18 4:00:00 AM,23717,10,738.4,76,4
Italija,IT,Rim,18-Mar-18 4:00:00 AM,23717,10,738.4,76,4
Italija,IT,Rim,18-Mar-18 5:00:00 AM,23765,11,737.6,72,6
Italija,IT,Rim,18-Mar-18 6:00:00 AM,25040,11,736.1,72,8
Italija,IT,Rim,18-Mar-18 6:00:00 AM,25040,11,736.9,72,8
Italija,IT,Rim,18-Mar-18 7:00:00 AM,27398,9,736.9,87,9
Italija,IT,Rim,18-Mar-18 7:00:00 AM,27398,11,736.1,72,8
Italija,IT,Rim,18-Mar-18 8:00:00 AM,30237,9,736.1,94,8
Italija,IT,Rim,18-Mar-18 8:00:00 AM,30237,9,736.9,94,7
Italija,IT,Rim,18-Mar-18 9:00:00 AM,31832,9,736.1,94,3
Italija,IT,Rim,18-Mar-18 9:00:00 AM,31832,9,735.3,94,7
Italija,IT,Rim,18-Mar-18 10:00:00 AM,31983,10,736.1,88,3
Italija,IT,Rim,18-Mar-18 10:00:00 AM,31983,10,736.1,88,3
Italija,IT,Rim,18-Mar-18 11:00:00 AM,31949,13,736.2,77,7
Italija,IT,Rim,18-Mar-18 12:00:00 PM,30157,13,737,63,7
Italija,IT,Rim,18-Mar-18 12:00:00 PM,30157,12,736.2,82,5
Italija,IT,Rim,18-Mar-18 1:00:00 PM,29537,13,737,63,6
Italija,IT,Rim,18-Mar-18 1:00:00 PM,29537,13,737,63,9
Italija,IT,Rim,18-Mar-18 2:00:00 PM,30395,12,737,77,4
Italija,IT,Rim,18-Mar-18 2:00:00 PM,30395,12,737,77,3
Italija,IT,Rim,18-Mar-18 3:00:00 PM,30487,12,737,72,5
Italija,IT,Rim,18-Mar-18 3:00:00 PM,30487,13,737,72,6
Italija,IT,Rim,18-Mar-18 4:00:00 PM,30842,10,737.6,82,5
Italija,IT,Rim,18-Mar-18 4:00:00 PM,30842,12,737,72,6
Italija,IT,Rim,18-Mar-18 5:00:00 PM,33748,11,737.6,77,3
Italija,IT,Rim,18-Mar-18 5:00:00 PM,33748,11,737.6,77,5
Italija,IT,Rim,18-Mar-18 6:00:00 PM,36068,11,738.4,72,3
Italija,IT,Rim,18-Mar-18 6:00:00 PM,36068,11,738.4,77,4
Italija,IT,Rim,18-Mar-18 7:00:00 PM,34854,11,738.4,72,4
Italija,IT,Rim,18-Mar-18 8:00:00 PM,32994,11,739.1,72,4
Italija,IT,Rim,18-Mar-18 9:00:00 PM,30404,10,739.9,71,3
Italija,IT,Rim,18-Mar-18 9:00:00 PM,30404,11,739.1,72,3
Italija,IT,Rim,18-Mar-18 10:00:00 PM,27528,10,739.9,76,3
Italija,IT,Rim,18-Mar-18 10:00:00 PM,27528,10,739.9,71,2
Italija,IT,Rim,18-Mar-18 11:00:00 PM,25264,10,739.9,76,4
Italija,IT,Rim,18-Mar-18 11:00:00 PM,25264,10,739.9,76,3
Italija,IT,Rim,19-Mar-18 12:00:00 AM,24003,9,739.8,76,2
Italija,IT,Rim,19-Mar-18 12:00:00 AM,24003,10,739.9,67,4
Italija,IT,Rim,19-Mar-18 1:00:00 AM,23559,9,739.8,76,3
Italija,IT,Rim,19-Mar-18 1:00:00 AM,23559,9,739.8,82,3
Italija,IT,Rim,19-Mar-18 2:00:00 AM,23553,9,739,76,3
Italija,IT,Rim,19-Mar-18 2:00:00 AM,23553,9,739,76,3
Italija,IT,Rim,19-Mar-18 3:00:00 AM,24413,8,739,82,3
Italija,IT,Rim,19-Mar-18 3:00:00 AM,24413,8,739,82,3
Italija,IT,Rim,19-Mar-18 4:00:00 AM,26564,9,739,76,4
Italija,IT,Rim,19-Mar-18 4:00:00 AM,26564,8,739,82,3
Italija,IT,Rim,19-Mar-18 5:00:00 AM,32426,9,739,76,5
Italija,IT,Rim,19-Mar-18 5:00:00 AM,32426,9,739,76,4
Italija,IT,Rim,19-Mar-18 6:00:00 AM,39581,8,738.3,82,4
Italija,IT,Rim,19-Mar-18 6:00:00 AM,39581,8,739,87,3
Italija,IT,Rim,19-Mar-18 7:00:00 AM,45717,9,738.4,76,6
Italija,IT,Rim,19-Mar-18 7:00:00 AM,45717,9,738.4,76,4
Italija,IT,Rim,19-Mar-18 8:00:00 AM,47859,7,739,87,5
Italija,IT,Rim,19-Mar-18 8:00:00 AM,47859,8,739,87,5
Italija,IT,Rim,19-Mar-18 9:00:00 AM,47615,7,739,87,5
Italija,IT,Rim,19-Mar-18 9:00:00 AM,47615,7,739,87,4
Italija,IT,Rim,19-Mar-18 10:00:00 AM,47650,9,739,87,4
Italija,IT,Rim,19-Mar-18 10:00:00 AM,47650,8,739,87,4
Italija,IT,Rim,19-Mar-18 11:00:00 AM,44427,11,739.1,77,4
Italija,IT,Rim,19-Mar-18 11:00:00 AM,44427,10,739.1,82,3
Italija,IT,Rim,19-Mar-18 12:00:00 PM,44216,11,739.9,77,2
Italija,IT,Rim,19-Mar-18 12:00:00 PM,44216,10,739.1,82,4
Italija,IT,Rim,19-Mar-18 1:00:00 PM,46601,8,740.6,87,2
Italija,IT,Rim,19-Mar-18 1:00:00 PM,46601,8,739.8,87,4
Italija,IT,Rim,19-Mar-18 2:00:00 PM,47358,9,739.8,82,2
Italija,IT,Rim,19-Mar-18 2:00:00 PM,47358,9,739.8,82,3
Italija,IT,Rim,19-Mar-18 3:00:00 PM,47333,9,740.6,94,3
Italija,IT,Rim,19-Mar-18 3:00:00 PM,47333,9,740.6,87,3
Italija,IT,Rim,19-Mar-18 4:00:00 PM,46031,11,740.7,67,4
Italija,IT,Rim,19-Mar-18 4:00:00 PM,46031,10,740.7,82,3
Italija,IT,Rim,19-Mar-18 5:00:00 PM,46723,10,740.7,71,3
Italija,IT,Rim,19-Mar-18 5:00:00 PM,46723,11,740.7,62,5
Italija,IT,Rim,19-Mar-18 6:00:00 PM,47952,9,741.3,76,1
Italija,IT,Rim,19-Mar-18 6:00:00 PM,47952,10,741.3,71,1
Italija,IT,Rim,19-Mar-18 7:00:00 PM,44962,7,742,87,2
Italija,IT,Rim,19-Mar-18 7:00:00 PM,44962,7,742,87,2
Italija,IT,Rim,19-Mar-18 8:00:00 PM,41748,7,742.7,87,2
Italija,IT,Rim,19-Mar-18 8:00:00 PM,41748,7,742,87,2
Italija,IT,Rim,19-Mar-18 9:00:00 PM,37615,7,742.7,87,1
Italija,IT,Rim,19-Mar-18 9:00:00 PM,37615,7,742.7,87,2
Italija,IT,Rim,19-Mar-18 10:00:00 PM,34198,6,742.7,87,3
Italija,IT,Rim,19-Mar-18 10:00:00 PM,34198,7,742.7,81,2
Italija,IT,Rim,19-Mar-18 11:00:00 PM,31113,6,742.7,87,2
Italija,IT,Rim,19-Mar-18 11:00:00 PM,31113,6,742.7,87,3
Italija,IT,Rim,20-Mar-18 12:00:00 AM,29199,5,742.7,93,2
Italija,IT,Rim,20-Mar-18 12:00:00 AM,29199,5,742.7,93,2
Italija,IT,Rim,20-Mar-18 1:00:00 AM,28145,8,743.6,82,2
Italija,IT,Rim,20-Mar-18 1:00:00 AM,28145,8,743.6,82,3
Italija,IT,Rim,20-Mar-18 2:00:00 AM,27837,7,742.7,87,3
Italija,IT,Rim,20-Mar-18 2:00:00 AM,27837,7,742.7,87,2
Italija,IT,Rim,20-Mar-18 3:00:00 AM,28400,6,742,87,3
Italija,IT,Rim,20-Mar-18 3:00:00 AM,28400,6,742.7,87,3
Italija,IT,Rim,20-Mar-18 4:00:00 AM,30484,6,742.7,81,2
Italija,IT,Rim,20-Mar-18 4:00:00 AM,30484,6,742.7,87,3
Italija,IT,Rim,20-Mar-18 5:00:00 AM,35448,5,742,87,3
Italija,IT,Rim,20-Mar-18 5:00:00 AM,35448,5,742.7,87,2
Italija,IT,Rim,20-Mar-18 6:00:00 AM,41819,5,742.7,87,1
Italija,IT,Rim,20-Mar-18 6:00:00 AM,41819,5,742.7,87,3
Italija,IT,Rim,20-Mar-18 7:00:00 AM,46746,10,742.8,71,3
Italija,IT,Rim,20-Mar-18 7:00:00 AM,46746,9,742.8,71,4
Italija,IT,Rim,20-Mar-18 8:00:00 AM,48574,11,742.9,67,4
Italija,IT,Rim,20-Mar-18 8:00:00 AM,48574,10,742.8,71,4
Italija,IT,Rim,20-Mar-18 9:00:00 AM,48412,11,743.7,72,4
Italija,IT,Rim,20-Mar-18 9:00:00 AM,48412,11,743.7,67,4
Italija,IT,Rim,20-Mar-18 10:00:00 AM,48204,12,742.9,63,5
Italija,IT,Rim,20-Mar-18 10:00:00 AM,48204,11,742.9,67,4
Italija,IT,Rim,20-Mar-18 11:00:00 AM,45776,9,742.8,76,8
Italija,IT,Rim,20-Mar-18 11:00:00 AM,45776,12,742.9,63,5
Italija,IT,Rim,20-Mar-18 12:00:00 PM,45376,9,742.1,82,5
Italija,IT,Rim,20-Mar-18 12:00:00 PM,45376,9,742.8,87,6
Italija,IT,Rim,20-Mar-18 1:00:00 PM,46533,10,740.7,71,4
Italija,IT,Rim,20-Mar-18 1:00:00 PM,46533,10,741.3,71,4
Italija,IT,Rim,20-Mar-18 2:00:00 PM,47331,9,740.6,82,4
Italija,IT,Rim,20-Mar-18 2:00:00 PM,47331,10,740.7,71,5
Italija,IT,Rim,20-Mar-18 3:00:00 PM,48105,10,739.9,71,7
Italija,IT,Rim,20-Mar-18 3:00:00 PM,48105,9,740.6,76,7
Italija,IT,Rim,20-Mar-18 4:00:00 PM,47485,9,739.8,82,8
Italija,IT,Rim,20-Mar-18 4:00:00 PM,47485,10,739.9,76,6
Italija,IT,Rim,20-Mar-18 5:00:00 PM,48649,10,739.1,76,7
Italija,IT,Rim,20-Mar-18 5:00:00 PM,48649,9,739,82,6
Italija,IT,Rim,20-Mar-18 6:00:00 PM,49427,8,739.8,87,5
Italija,IT,Rim,20-Mar-18 6:00:00 PM,49427,10,739.1,76,7
Italija,IT,Rim,20-Mar-18 7:00:00 PM,46581,10,740.7,82,4
Italija,IT,Rim,20-Mar-18 7:00:00 PM,46581,10,739.9,76,6
Italija,IT,Rim,20-Mar-18 8:00:00 PM,43061,9,741.3,87,3
Italija,IT,Rim,20-Mar-18 8:00:00 PM,43061,8,741.3,87,6
Italija,IT,Rim,20-Mar-18 9:00:00 PM,38532,9,741.3,82,4
Italija,IT,Rim,20-Mar-18 9:00:00 PM,38532,9,741.3,87,4
Italija,IT,Rim,20-Mar-18 10:00:00 PM,34515,8,741.3,82,3
Italija,IT,Rim,20-Mar-18 10:00:00 PM,34515,9,741.3,82,4
Italija,IT,Rim,20-Mar-18 11:00:00 PM,31142,8,741.3,87,2
Italija,IT,Rim,20-Mar-18 11:00:00 PM,31142,8,741.3,82,3
Italija,IT,Rim,21-Mar-18 12:00:00 AM,29008,8,741.3,87,4
Italija,IT,Rim,21-Mar-18 12:00:00 AM,29008,9,741.3,76,6
Italija,IT,Rim,21-Mar-18 1:00:00 AM,27963,8,740.6,76,5
Italija,IT,Rim,21-Mar-18 1:00:00 AM,27963,7,740.6,81,5
Italija,IT,Rim,21-Mar-18 2:00:00 AM,27743,7,740.6,81,4
Italija,IT,Rim,21-Mar-18 2:00:00 AM,27743,7,740.6,81,6
Italija,IT,Rim,21-Mar-18 3:00:00 AM,28188,6,740.5,81,6
Italija,IT,Rim,21-Mar-18 3:00:00 AM,28188,6,740.5,81,6
Italija,IT,Rim,21-Mar-18 4:00:00 AM,30512,6,740.5,87,7
Italija,IT,Rim,21-Mar-18 4:00:00 AM,30512,6,740.5,81,5
Italija,IT,Rim,21-Mar-18 5:00:00 AM,35356,6,741.2,87,6
Italija,IT,Rim,21-Mar-18 5:00:00 AM,35356,6,741.2,87,7
Italija,IT,Rim,21-Mar-18 6:00:00 AM,42765,6,742.7,87,5
Italija,IT,Rim,21-Mar-18 6:00:00 AM,42765,6,742,87,6
Italija,IT,Rim,21-Mar-18 7:00:00 AM,48849,6,743.5,81,5
Italija,IT,Rim,21-Mar-18 7:00:00 AM,48849,6,743.5,87,5
Italija,IT,Rim,21-Mar-18 8:00:00 AM,50793,7,744.3,81,6
Italija,IT,Rim,21-Mar-18 8:00:00 AM,50793,6,744.3,81,5
Italija,IT,Rim,21-Mar-18 9:00:00 AM,50882,9,745.1,71,6
Italija,IT,Rim,21-Mar-18 9:00:00 AM,50882,8,745,71,6
Italija,IT,Rim,21-Mar-18 10:00:00 AM,49894,10,745.9,71,6
Italija,IT,Rim,21-Mar-18 10:00:00 AM,49894,10,745.9,71,5
Italija,IT,Rim,21-Mar-18 11:00:00 AM,46790,11,745.9,62,5
Italija,IT,Rim,21-Mar-18 11:00:00 AM,46790,11,745.9,62,5
Italija,IT,Rim,21-Mar-18 12:00:00 PM,46604,12,746.7,54,4
Italija,IT,Rim,21-Mar-18 12:00:00 PM,46604,12,746,58,5
Italija,IT,Rim,21-Mar-18 1:00:00 PM,47540,12,746.7,54,3
Italija,IT,Rim,21-Mar-18 1:00:00 PM,47540,12,746.7,58,3
Italija,IT,Rim,21-Mar-18 2:00:00 PM,47818,12,746.7,54,4
Italija,IT,Rim,21-Mar-18 2:00:00 PM,47818,12,746.7,54,3
Italija,IT,Rim,21-Mar-18 3:00:00 PM,47449,12,746.7,58,2
Italija,IT,Rim,21-Mar-18 3:00:00 PM,47449,12,746.7,54,3
Italija,IT,Rim,21-Mar-18 4:00:00 PM,46610,11,747.4,67,4
Italija,IT,Rim,21-Mar-18 4:00:00 PM,46610,12,746.7,58,3
Italija,IT,Rim,21-Mar-18 5:00:00 PM,48018,10,748.2,82,4
Italija,IT,Rim,21-Mar-18 5:00:00 PM,48018,11,747.4,77,3
Italija,IT,Rim,21-Mar-18 6:00:00 PM,49527,9,748.1,87,2
Italija,IT,Rim,21-Mar-18 6:00:00 PM,49527,9,748.1,87,2
Italija,IT,Rim,21-Mar-18 7:00:00 PM,46612,8,748.1,71,4
Italija,IT,Rim,21-Mar-18 8:00:00 PM,43090,8,748.6,66,4
Italija,IT,Rim,21-Mar-18 8:00:00 PM,43090,8,748.6,66,4
Italija,IT,Rim,21-Mar-18 9:00:00 PM,38278,8,748.6,62,4
Italija,IT,Rim,21-Mar-18 9:00:00 PM,38278,8,748.6,66,4
Italija,IT,Rim,21-Mar-18 10:00:00 PM,34480,7,748.6,71,4
Italija,IT,Rim,21-Mar-18 10:00:00 PM,34480,8,748.6,62,4
Italija,IT,Rim,21-Mar-18 11:00:00 PM,30738,8,748.6,66,4
Italija,IT,Rim,21-Mar-18 11:00:00 PM,30738,7,748.6,71,3
Italija,IT,Rim,22-Mar-18 12:00:00 AM,28631,7,748.6,71,3
Italija,IT,Rim,22-Mar-18 12:00:00 AM,28631,7,748.6,71,3
Italija,IT,Rim,22-Mar-18 1:00:00 AM,27490,7,748.1,66,4
Italija,IT,Rim,22-Mar-18 1:00:00 AM,27490,7,748.6,66,4
Italija,IT,Rim,22-Mar-18 2:00:00 AM,27376,7,747.3,66,4
Italija,IT,Rim,22-Mar-18 2:00:00 AM,27376,7,748.1,66,4
Italija,IT,Rim,22-Mar-18 3:00:00 AM,27816,6,746.5,71,4
Italija,IT,Rim,22-Mar-18 3:00:00 AM,27816,7,747.3,61,4
Italija,IT,Rim,22-Mar-18 4:00:00 AM,29964,6,746.5,66,3
Italija,IT,Rim,22-Mar-18 4:00:00 AM,29964,6,746.5,66,3
Italija,IT,Rim,22-Mar-18 5:00:00 AM,34985,4,745.7,75,3
Italija,IT,Rim,22-Mar-18 5:00:00 AM,34985,5,745.7,70,3
Italija,IT,Rim,22-Mar-18 6:00:00 AM,42437,4,745.7,75,4
Italija,IT,Rim,22-Mar-18 6:00:00 AM,42437,4,744.9,75,3
Italija,IT,Rim,22-Mar-18 7:00:00 AM,48025,5,744.9,66,5
Italija,IT,Rim,22-Mar-18 7:00:00 AM,48025,5,744.9,70,4
Italija,IT,Rim,22-Mar-18 8:00:00 AM,49969,7,745,66,4
Italija,IT,Rim,22-Mar-18 8:00:00 AM,49969,6,745,66,4
Italija,IT,Rim,22-Mar-18 9:00:00 AM,49351,9,744.4,58,5
Italija,IT,Rim,22-Mar-18 9:00:00 AM,49351,8,744.3,57,4
Italija,IT,Rim,22-Mar-18 10:00:00 AM,48880,10,743.6,50,7
Italija,IT,Rim,22-Mar-18 10:00:00 AM,48880,10,743.6,50,5
Italija,IT,Rim,22-Mar-18 11:00:00 AM,46873,11,742.9,47,5
Italija,IT,Rim,22-Mar-18 11:00:00 AM,46873,10,743.6,54,6
Italija,IT,Rim,22-Mar-18 12:00:00 PM,45644,11,742.2,47,7
Italija,IT,Rim,22-Mar-18 12:00:00 PM,45644,11,742.9,47,7
Italija,IT,Rim,22-Mar-18 1:00:00 PM,46982,11,741.4,44,6
Italija,IT,Rim,22-Mar-18 1:00:00 PM,46982,11,742.2,44,5
Italija,IT,Rim,22-Mar-18 2:00:00 PM,47182,12,740.7,44,6
Italija,IT,Rim,22-Mar-18 2:00:00 PM,47182,12,740.7,41,6
Italija,IT,Rim,22-Mar-18 3:00:00 PM,47375,11,739.9,44,6
Italija,IT,Rim,22-Mar-18 3:00:00 PM,47375,11,739.9,47,6
Italija,IT,Rim,22-Mar-18 4:00:00 PM,46757,9,739.8,50,9
Italija,IT,Rim,22-Mar-18 4:00:00 PM,46757,9,739.8,50,8
Italija,IT,Rim,22-Mar-18 5:00:00 PM,48115,7,740.6,49,7
Italija,IT,Rim,22-Mar-18 5:00:00 PM,48115,8,739.8,50,8
Italija,IT,Rim,22-Mar-18 6:00:00 PM,49704,6,740.5,49,6
Italija,IT,Rim,22-Mar-18 6:00:00 PM,49704,7,740.6,49,6
Italija,IT,Rim,22-Mar-18 7:00:00 PM,46693,6,740.5,49,6
Italija,IT,Rim,22-Mar-18 7:00:00 PM,46693,6,740.5,49,6
Italija,IT,Rim,22-Mar-18 8:00:00 PM,42904,5,740.5,53,5
Italija,IT,Rim,22-Mar-18 8:00:00 PM,42904,6,740.5,49,5
Italija,IT,Rim,22-Mar-18 9:00:00 PM,38161,4,740.5,52,4
Italija,IT,Rim,22-Mar-18 9:00:00 PM,38161,4,740.5,52,5
Italija,IT,Rim,22-Mar-18 10:00:00 PM,34216,4,740.5,52,5
Italija,IT,Rim,22-Mar-18 10:00:00 PM,34216,4,740.5,52,4
Italija,IT,Rim,22-Mar-18 11:00:00 PM,30971,3,740.4,56,4
Italija,IT,Rim,23-Mar-18 12:00:00 AM,28766,2,739.6,65,2
Italija,IT,Rim,23-Mar-18 12:00:00 AM,28766,2,740.4,60,3
Italija,IT,Rim,23-Mar-18 1:00:00 AM,27900,2,739.6,60,2
Italija,IT,Rim,23-Mar-18 1:00:00 AM,27900,2,739.6,65,3
Italija,IT,Rim,23-Mar-18 2:00:00 AM,27558,1,739.6,70,3
Italija,IT,Rim,23-Mar-18 2:00:00 AM,27558,2,739.6,60,2
Italija,IT,Rim,23-Mar-18 3:00:00 AM,27809,1,739.6,65,3
Italija,IT,Rim,23-Mar-18 3:00:00 AM,27809,2,739.6,60,3
Italija,IT,Rim,23-Mar-18 4:00:00 AM,29866,1,739.6,65,3
Italija,IT,Rim,23-Mar-18 4:00:00 AM,29866,1,739.6,65,3
Italija,IT,Rim,23-Mar-18 5:00:00 AM,34843,1,739.6,65,4
Italija,IT,Rim,23-Mar-18 5:00:00 AM,34843,1,739.6,65,4
Italija,IT,Rim,23-Mar-18 6:00:00 AM,41823,1,739.6,65,3
Italija,IT,Rim,23-Mar-18 6:00:00 AM,41823,1,739.6,65,3
Italija,IT,Rim,23-Mar-18 7:00:00 AM,46553,4,739.7,52,6
Italija,IT,Rim,23-Mar-18 7:00:00 AM,46553,3,739.6,56,4
Italija,IT,Rim,23-Mar-18 8:00:00 AM,48497,6,739.7,46,7
Italija,IT,Rim,23-Mar-18 8:00:00 AM,48497,5,739.7,53,5
Italija,IT,Rim,23-Mar-18 9:00:00 AM,48999,7,739.8,46,7
Italija,IT,Rim,23-Mar-18 9:00:00 AM,48999,6,740.5,46,7
Italija,IT,Rim,23-Mar-18 10:00:00 AM,49021,9,739.8,40,7
Italija,IT,Rim,23-Mar-18 10:00:00 AM,49021,8,739.8,43,7
Italija,IT,Rim,23-Mar-18 11:00:00 AM,46217,10,739.9,37,6
Italija,IT,Rim,23-Mar-18 11:00:00 AM,46217,9,739.8,40,7
Italija,IT,Rim,23-Mar-18 12:00:00 PM,45379,11,739.9,38,6
Italija,IT,Rim,23-Mar-18 12:00:00 PM,45379,10,739.9,40,6
Italija,IT,Rim,23-Mar-18 1:00:00 PM,46217,11,739.9,38,7
Italija,IT,Rim,23-Mar-18 1:00:00 PM,46217,10,739.9,40,7
Italija,IT,Rim,23-Mar-18 2:00:00 PM,46215,11,739.1,38,7
Italija,IT,Rim,23-Mar-18 2:00:00 PM,46215,11,739.1,41,8
Italija,IT,Rim,23-Mar-18 3:00:00 PM,45634,11,739.1,38,8
Italija,IT,Rim,23-Mar-18 3:00:00 PM,45634,10,739.1,43,8
Italija,IT,Rim,23-Mar-18 4:00:00 PM,44702,9,739,43,8
Italija,IT,Rim,23-Mar-18 4:00:00 PM,44702,10,739.1,40,7
Italija,IT,Rim,23-Mar-18 5:00:00 PM,46280,8,739,46,7
Italija,IT,Rim,23-Mar-18 5:00:00 PM,46280,9,739,43,8
Italija,IT,Rim,23-Mar-18 6:00:00 PM,48485,7,739.8,46,6
Italija,IT,Rim,23-Mar-18 6:00:00 PM,48485,8,739,46,7
Italija,IT,Rim,23-Mar-18 7:00:00 PM,45449,6,739.7,53,4
Italija,IT,Rim,23-Mar-18 7:00:00 PM,45449,7,739.8,49,4
Italija,IT,Rim,23-Mar-18 8:00:00 PM,42113,6,740.5,57,1
Italija,IT,Rim,23-Mar-18 8:00:00 PM,42113,6,739.7,53,3
Italija,IT,Rim,23-Mar-18 9:00:00 PM,37621,6,740.5,57,2
Italija,IT,Rim,23-Mar-18 9:00:00 PM,37621,6,740.5,53,2
Italija,IT,Rim,23-Mar-18 10:00:00 PM,33799,6,740.5,57,2
Italija,IT,Rim,23-Mar-18 10:00:00 PM,33799,6,740.5,53,3
Italija,IT,Rim,23-Mar-18 11:00:00 PM,30219,5,740.5,66,1
Italija,IT,Rim,23-Mar-18 11:00:00 PM,30219,5,740.5,61,1
Italija,IT,Rim,24-Mar-18 12:00:00 AM,28092,4,741.1,65,3
Italija,IT,Rim,24-Mar-18 12:00:00 AM,28092,5,741.2,61,2
Italija,IT,Rim,24-Mar-18 1:00:00 AM,27108,4,740.5,65,3
Italija,IT,Rim,24-Mar-18 1:00:00 AM,27108,4,741.1,65,3
Italija,IT,Rim,24-Mar-18 2:00:00 AM,26720,4,740.5,65,3
Italija,IT,Rim,24-Mar-18 2:00:00 AM,26720,4,740.5,65,3
Italija,IT,Rim,24-Mar-18 3:00:00 AM,26767,4,740.5,65,4
Italija,IT,Rim,24-Mar-18 3:00:00 AM,26767,4,740.5,65,3
Italija,IT,Rim,24-Mar-18 4:00:00 AM,27394,3,741.1,70,3
Italija,IT,Rim,24-Mar-18 4:00:00 AM,27394,3,741.1,70,3
Italija,IT,Rim,24-Mar-18 5:00:00 AM,28936,2,741.1,75,3
Italija,IT,Rim,24-Mar-18 5:00:00 AM,28936,3,741.1,70,3
Italija,IT,Rim,24-Mar-18 6:00:00 AM,33498,2,741.1,75,3
Italija,IT,Rim,24-Mar-18 6:00:00 AM,33498,2,741.1,75,3
Italija,IT,Rim,24-Mar-18 7:00:00 AM,37667,4,741.1,70,3
Italija,IT,Rim,24-Mar-18 7:00:00 AM,37667,3,741.1,75,2
Italija,IT,Rim,24-Mar-18 8:00:00 AM,39694,6,742,61,3
Italija,IT,Rim,24-Mar-18 8:00:00 AM,39694,5,741.2,70,3
Italija,IT,Rim,24-Mar-18 9:00:00 AM,39605,8,742.1,53,2
Italija,IT,Rim,24-Mar-18 9:00:00 AM,39605,7,742,57,3
Italija,IT,Rim,24-Mar-18 10:00:00 AM,38225,10,742.1,58,2
Italija,IT,Rim,24-Mar-18 10:00:00 AM,38225,10,742.1,47,2
Italija,IT,Rim,24-Mar-18 11:00:00 AM,36528,11,742.2,50,3
Italija,IT,Rim,24-Mar-18 11:00:00 AM,36528,10,742.1,54,3
Italija,IT,Rim,24-Mar-18 12:00:00 PM,34542,12,742.2,54,3
Italija,IT,Rim,24-Mar-18 12:00:00 PM,34542,11,742.2,54,4
Italija,IT,Rim,24-Mar-18 1:00:00 PM,34920,11,742.2,54,3
Italija,IT,Rim,24-Mar-18 1:00:00 PM,34920,11,742.2,54,3
Italija,IT,Rim,24-Mar-18 2:00:00 PM,34627,11,742.2,54,3
Italija,IT,Rim,24-Mar-18 2:00:00 PM,34627,11,742.2,54,3
Italija,IT,Rim,24-Mar-18 3:00:00 PM,34676,11,742.2,54,4
Italija,IT,Rim,24-Mar-18 3:00:00 PM,34676,11,742.2,54,3
Italija,IT,Rim,24-Mar-18 4:00:00 PM,34940,11,742.2,54,3
Italija,IT,Rim,24-Mar-18 4:00:00 PM,34940,11,742.2,54,4
Italija,IT,Rim,24-Mar-18 5:00:00 PM,37578,11,742.9,54,3
Italija,IT,Rim,24-Mar-18 5:00:00 PM,37578,11,742.2,54,4
Italija,IT,Rim,24-Mar-18 6:00:00 PM,40454,9,742.8,62,3
Italija,IT,Rim,24-Mar-18 6:00:00 PM,40454,10,742.8,58,3
Italija,IT,Rim,24-Mar-18 7:00:00 PM,37804,8,743.6,66,2
Italija,IT,Rim,24-Mar-18 7:00:00 PM,37804,9,743.6,62,2
Italija,IT,Rim,24-Mar-18 8:00:00 PM,34835,8,743.6,66,2
Italija,IT,Rim,24-Mar-18 8:00:00 PM,34835,8,743.6,66,2
Italija,IT,Rim,24-Mar-18 9:00:00 PM,31991,8,744.3,66,3
Italija,IT,Rim,24-Mar-18 9:00:00 PM,31991,8,744.3,71,2
Italija,IT,Rim,24-Mar-18 10:00:00 PM,29330,9,744.4,62,1
Italija,IT,Rim,24-Mar-18 10:00:00 PM,29330,8,744.3,66,2
Italija,IT,Rim,24-Mar-18 11:00:00 PM,27087,8,743.6,66,2
Italija,IT,Rim,24-Mar-18 11:00:00 PM,27087,8,743.6,66,1
Italija,IT,Rim,25-Mar-18 12:00:00 AM,24766,8,743.6,66,2
Italija,IT,Rim,25-Mar-18 12:00:00 AM,24766,8,743.6,66,3
Italija,IT,Rim,25-Mar-18 1:00:00 AM,23717,7,743.5,71,1
Italija,IT,Rim,25-Mar-18 1:00:00 AM,23717,8,743.6,66,2
Italija,IT,Rim,25-Mar-18 2:00:00 AM,23399,7,742.7,61,3
Italija,IT,Rim,25-Mar-18 2:00:00 AM,23399,7,742.7,66,2
Italija,IT,Rim,25-Mar-18 4:00:00 AM,24564,7,742.7,57,3
Italija,IT,Rim,25-Mar-18 4:00:00 AM,24564,7,742.7,57,3
Italija,IT,Rim,25-Mar-18 5:00:00 AM,25462,8,742.8,53,3
Italija,IT,Rim,25-Mar-18 5:00:00 AM,25462,8,742.8,53,4
Italija,IT,Rim,25-Mar-18 6:00:00 AM,27736,7,742.7,57,3
Italija,IT,Rim,25-Mar-18 6:00:00 AM,27736,6,742.7,61,3
Italija,IT,Rim,25-Mar-18 7:00:00 AM,29505,7,742.7,57,4
Italija,IT,Rim,25-Mar-18 7:00:00 AM,29505,6,742.7,61,4
Italija,IT,Rim,25-Mar-18 8:00:00 AM,31898,8,742.8,57,4
Italija,IT,Rim,25-Mar-18 8:00:00 AM,31898,7,742.7,57,3
Italija,IT,Rim,25-Mar-18 9:00:00 AM,32861,10,742.8,47,6
Italija,IT,Rim,25-Mar-18 9:00:00 AM,32861,9,742.8,54,5
Italija,IT,Rim,25-Mar-18 10:00:00 AM,32532,11,742.9,47,5
Italija,IT,Rim,25-Mar-18 10:00:00 AM,32532,10,742.8,50,5
Italija,IT,Rim,25-Mar-18 11:00:00 AM,31136,12,742.9,41,5
Italija,IT,Rim,25-Mar-18 11:00:00 AM,31136,12,742.9,44,5
Italija,IT,Rim,25-Mar-18 12:00:00 PM,30183,13,742.2,36,3
Italija,IT,Rim,25-Mar-18 12:00:00 PM,30183,13,742.9,38,4
Italija,IT,Rim,25-Mar-18 1:00:00 PM,30073,14,742.3,29,4
Italija,IT,Rim,25-Mar-18 1:00:00 PM,30073,14,742.3,31,4
Italija,IT,Rim,25-Mar-18 2:00:00 PM,29498,15,741.5,31,4
Italija,IT,Rim,25-Mar-18 2:00:00 PM,29498,15,741.5,29,3
Italija,IT,Rim,25-Mar-18 3:00:00 PM,29333,15,741.5,36,4
Italija,IT,Rim,25-Mar-18 3:00:00 PM,29333,14,741.5,33,4
Italija,IT,Rim,25-Mar-18 4:00:00 PM,30326,16,740.9,27,4
Italija,IT,Rim,25-Mar-18 4:00:00 PM,30326,15,740.8,31,3
Italija,IT,Rim,25-Mar-18 5:00:00 PM,33465,15,740.8,34,4
Italija,IT,Rim,25-Mar-18 5:00:00 PM,33465,15,740.8,31,3
Italija,IT,Rim,25-Mar-18 6:00:00 PM,35873,14,740.8,39,4
Italija,IT,Rim,25-Mar-18 6:00:00 PM,35873,14,740.8,39,4
Italija,IT,Rim,25-Mar-18 7:00:00 PM,34166,11,741.4,47,3
Italija,IT,Rim,25-Mar-18 7:00:00 PM,34166,13,741.4,41,4
Italija,IT,Rim,25-Mar-18 8:00:00 PM,31760,10,742.1,50,3
Italija,IT,Rim,25-Mar-18 8:00:00 PM,31760,11,741.4,47,3
Italija,IT,Rim,25-Mar-18 9:00:00 PM,28902,10,742.1,54,2
Italija,IT,Rim,25-Mar-18 9:00:00 PM,28902,10,742.1,54,3
Italija,IT,Rim,25-Mar-18 10:00:00 PM,25898,9,742.8,54,2
Italija,IT,Rim,25-Mar-18 10:00:00 PM,25898,9,742.8,58,2
Italija,IT,Rim,25-Mar-18 11:00:00 PM,24098,7,743.5,61,3
Italija,IT,Rim,25-Mar-18 11:00:00 PM,24098,8,742.8,57,4
Italija,IT,Rim,26-Mar-18 12:00:00 AM,23419,7,743.5,61,3
Italija,IT,Rim,26-Mar-18 12:00:00 AM,23419,7,742.7,61,3
Italija,IT,Rim,26-Mar-18 1:00:00 AM,23186,6,743.5,66,3
Italija,IT,Rim,26-Mar-18 1:00:00 AM,23186,6,743.5,66,3
Italija,IT,Rim,26-Mar-18 2:00:00 AM,23732,6,743.5,66,3
Italija,IT,Rim,26-Mar-18 2:00:00 AM,23732,6,743.5,66,3
Italija,IT,Rim,26-Mar-18 3:00:00 AM,26174,5,743.5,70,1
Italija,IT,Rim,26-Mar-18 3:00:00 AM,26174,5,743.5,70,1
Italija,IT,Rim,26-Mar-18 4:00:00 AM,33397,5,743.5,70,2
Italija,IT,Rim,26-Mar-18 4:00:00 AM,33397,5,743.5,70,2
Italija,IT,Rim,26-Mar-18 5:00:00 AM,40524,5,744.2,70,2
Italija,IT,Rim,26-Mar-18 5:00:00 AM,40524,5,743.5,70,1
Italija,IT,Rim,26-Mar-18 6:00:00 AM,46087,5,744.2,70,2
Italija,IT,Rim,26-Mar-18 6:00:00 AM,46087,5,744.2,70,2
Italija,IT,Rim,26-Mar-18 7:00:00 AM,47662,6,744.3,71,2
Italija,IT,Rim,26-Mar-18 7:00:00 AM,47662,5,744.2,76,2
Italija,IT,Rim,26-Mar-18 8:00:00 AM,46920,6,745,76,3
Italija,IT,Rim,26-Mar-18 8:00:00 AM,46920,6,744.3,71,2
Italija,IT,Rim,26-Mar-18 9:00:00 AM,45844,9,745.1,62,2
Italija,IT,Rim,26-Mar-18 9:00:00 AM,45844,7,745,71,2
Italija,IT,Rim,26-Mar-18 10:00:00 AM,43465,11,745.1,62,2
Italija,IT,Rim,26-Mar-18 10:00:00 AM,43465,11,745.1,62,2
Italija,IT,Rim,26-Mar-18 11:00:00 AM,42810,13,746,59,3
Italija,IT,Rim,26-Mar-18 11:00:00 AM,42810,13,746,59,2
Italija,IT,Rim,26-Mar-18 12:00:00 PM,43643,14,746,59,2
Italija,IT,Rim,26-Mar-18 12:00:00 PM,43643,13,746,59,2
Italija,IT,Rim,26-Mar-18 1:00:00 PM,43552,14,746,59,3
Italija,IT,Rim,26-Mar-18 1:00:00 PM,43552,14,746,59,4
Italija,IT,Rim,26-Mar-18 2:00:00 PM,43056,12,746.7,67,3
Italija,IT,Rim,26-Mar-18 2:00:00 PM,43056,14,746,59,4
Italija,IT,Rim,26-Mar-18 3:00:00 PM,41704,11,746.7,72,3
Italija,IT,Rim,26-Mar-18 3:00:00 PM,41704,11,746.7,72,5
Italija,IT,Rim,26-Mar-18 4:00:00 PM,41090,13,746.8,51,3
Italija,IT,Rim,26-Mar-18 4:00:00 PM,41090,13,746.8,51,2
Italija,IT,Rim,26-Mar-18 5:00:00 PM,43480,12,746.7,58,3
Italija,IT,Rim,26-Mar-18 5:00:00 PM,43480,12,746.7,54,3
Italija,IT,Rim,26-Mar-18 6:00:00 PM,45266,12,747.4,63,3
Italija,IT,Rim,26-Mar-18 6:00:00 PM,45266,12,747.4,58,3
Italija,IT,Rim,26-Mar-18 7:00:00 PM,42219,11,748.2,67,2
Italija,IT,Rim,26-Mar-18 7:00:00 PM,42219,12,747.4,63,2
Italija,IT,Rim,26-Mar-18 8:00:00 PM,37704,10,748.2,71,1
Italija,IT,Rim,26-Mar-18 8:00:00 PM,37704,10,748.2,71,2
Italija,IT,Rim,26-Mar-18 9:00:00 PM,33530,9,748.6,76,2
Italija,IT,Rim,26-Mar-18 9:00:00 PM,33530,9,748.6,76,2
Italija,IT,Rim,26-Mar-18 10:00:00 PM,29959,9,748.6,82,2
Italija,IT,Rim,26-Mar-18 10:00:00 PM,29959,9,748.6,76,2
Italija,IT,Rim,26-Mar-18 11:00:00 PM,27715,9,748.6,76,2
Italija,IT,Rim,26-Mar-18 11:00:00 PM,27715,9,748.6,76,2
Italija,IT,Rim,27-Mar-18 12:00:00 AM,26706,7,748.6,87,2
Italija,IT,Rim,27-Mar-18 12:00:00 AM,26706,8,748.6,82,3
Italija,IT,Rim,27-Mar-18 1:00:00 AM,26477,7,748.6,81,2
Italija,IT,Rim,27-Mar-18 1:00:00 AM,26477,7,749.3,87,2
Italija,IT,Rim,27-Mar-18 2:00:00 AM,26925,8,749.4,71,2
Italija,IT,Rim,27-Mar-18 2:00:00 AM,26925,6,749.3,87,2
Italija,IT,Rim,27-Mar-18 3:00:00 AM,28905,5,749.3,87,2
Italija,IT,Rim,27-Mar-18 3:00:00 AM,28905,6,749.3,87,2
Italija,IT,Rim,27-Mar-18 4:00:00 AM,35783,5,749.3,87,1
Italija,IT,Rim,27-Mar-18 4:00:00 AM,35783,6,749.3,87,1
Italija,IT,Rim,27-Mar-18 5:00:00 AM,42065,5,749.3,76,2
Italija,IT,Rim,27-Mar-18 5:00:00 AM,42065,5,748.5,81,2
Italija,IT,Rim,27-Mar-18 6:00:00 AM,47448,4,749.2,81,2
Italija,IT,Rim,27-Mar-18 6:00:00 AM,47448,4,749.2,81,1
Italija,IT,Rim,27-Mar-18 7:00:00 AM,48579,4,749.2,87,3
Italija,IT,Rim,27-Mar-18 7:00:00 AM,48579,5,749.3,76,1
Italija,IT,Rim,27-Mar-18 8:00:00 AM,47759,6,750,81,4
Italija,IT,Rim,27-Mar-18 8:00:00 AM,47759,5,750,87,2
Italija,IT,Rim,27-Mar-18 9:00:00 AM,46280,10,750.1,71,2
Italija,IT,Rim,27-Mar-18 9:00:00 AM,46280,8,750.1,76,2
Italija,IT,Rim,27-Mar-18 10:00:00 AM,43057,13,751,55,1
Italija,IT,Rim,27-Mar-18 10:00:00 AM,43057,11,751,67,2
Italija,IT,Rim,27-Mar-18 11:00:00 AM,42662,14,751.1,51,2
Italija,IT,Rim,27-Mar-18 11:00:00 AM,42662,13,751,55,2
Italija,IT,Rim,27-Mar-18 12:00:00 PM,44032,15,751.1,45,2
Italija,IT,Rim,27-Mar-18 12:00:00 PM,44032,14,751.1,51,1
Italija,IT,Rim,27-Mar-18 1:00:00 PM,43945,15,751.1,42,3
Italija,IT,Rim,27-Mar-18 1:00:00 PM,43945,16,751.1,42,2
Italija,IT,Rim,27-Mar-18 2:00:00 PM,43897,16,750.3,48,3
Italija,IT,Rim,27-Mar-18 2:00:00 PM,43897,16,751.1,45,2
Italija,IT,Rim,27-Mar-18 3:00:00 PM,42107,16,750.3,48,4
Italija,IT,Rim,27-Mar-18 3:00:00 PM,42107,15,750.3,51,3
Italija,IT,Rim,27-Mar-18 4:00:00 PM,41507,15,750.3,51,3
Italija,IT,Rim,27-Mar-18 4:00:00 PM,41507,15,750.3,51,5
Italija,IT,Rim,27-Mar-18 5:00:00 PM,43888,15,750.3,51,3
Italija,IT,Rim,27-Mar-18 5:00:00 PM,43888,14,750.3,55,3
Italija,IT,Rim,27-Mar-18 6:00:00 PM,45685,13,750.2,67,4
Italija,IT,Rim,27-Mar-18 6:00:00 PM,45685,14,750.3,63,4
Italija,IT,Rim,27-Mar-18 7:00:00 PM,42763,12,751,72,3
Italija,IT,Rim,27-Mar-18 7:00:00 PM,42763,12,751,72,3
Italija,IT,Rim,27-Mar-18 8:00:00 PM,38306,10,751.6,76,2
Italija,IT,Rim,27-Mar-18 8:00:00 PM,38306,11,751,72,2
Italija,IT,Rim,27-Mar-18 9:00:00 PM,34448,8,751.6,87,2
Italija,IT,Rim,27-Mar-18 9:00:00 PM,34448,9,751.6,76,3
Italija,IT,Rim,27-Mar-18 10:00:00 PM,30744,8,751.6,87,3
Italija,IT,Rim,27-Mar-18 10:00:00 PM,30744,8,751.6,87,2
Italija,IT,Rim,27-Mar-18 11:00:00 PM,28503,7,751.5,87,3
Italija,IT,Rim,28-Mar-18 12:00:00 AM,27369,10,751.6,82,2
Italija,IT,Rim,28-Mar-18 12:00:00 AM,27369,8,751.6,87,3
Italija,IT,Rim,28-Mar-18 1:00:00 AM,26876,10,751.6,82,1
Italija,IT,Rim,28-Mar-18 1:00:00 AM,26876,9,751.6,87,2
Italija,IT,Rim,28-Mar-18 2:00:00 AM,27200,8,750.9,93,3
Italija,IT,Rim,28-Mar-18 2:00:00 AM,27200,9,750.9,87,2
Italija,IT,Rim,28-Mar-18 3:00:00 AM,29296,8,750.9,93,3
Italija,IT,Rim,28-Mar-18 4:00:00 AM,35550,8,750.1,87,2
Italija,IT,Rim,28-Mar-18 4:00:00 AM,35550,8,750.1,93,2
Italija,IT,Rim,28-Mar-18 6:00:00 AM,46334,8,750.1,93,3
Italija,IT,Rim,28-Mar-18 6:00:00 AM,46334,8,750.1,87,3
Italija,IT,Rim,28-Mar-18 7:00:00 AM,47634,9,750.1,87,3
Italija,IT,Rim,28-Mar-18 7:00:00 AM,47634,9,750.1,87,3
Italija,IT,Rim,28-Mar-18 8:00:00 AM,46390,12,750.2,77,4
Italija,IT,Rim,28-Mar-18 8:00:00 AM,46390,11,750.2,77,2
Italija,IT,Rim,28-Mar-18 9:00:00 AM,45926,13,750.2,67,4
Italija,IT,Rim,28-Mar-18 9:00:00 AM,45926,13,750.2,67,4
Italija,IT,Rim,28-Mar-18 10:00:00 AM,43433,15,750.3,59,4
Italija,IT,Rim,28-Mar-18 10:00:00 AM,43433,14,750.3,63,4
Italija,IT,Rim,28-Mar-18 11:00:00 AM,42416,15,750.3,55,4
Italija,IT,Rim,28-Mar-18 11:00:00 AM,42416,15,751.1,59,5
Italija,IT,Rim,28-Mar-18 12:00:00 PM,43472,16,750.3,55,4
Italija,IT,Rim,28-Mar-18 12:00:00 PM,43472,16,750.3,55,4
Italija,IT,Rim,28-Mar-18 1:00:00 PM,42891,16,750.3,59,5
Italija,IT,Rim,28-Mar-18 1:00:00 PM,42891,16,750.3,55,4
Italija,IT,Rim,28-Mar-18 2:00:00 PM,41723,16,749.6,59,5
Italija,IT,Rim,28-Mar-18 2:00:00 PM,41723,16,749.6,59,5
Italija,IT,Rim,28-Mar-18 3:00:00 PM,40966,17,749.7,56,5
Italija,IT,Rim,28-Mar-18 3:00:00 PM,40966,17,749.7,49,4
Italija,IT,Rim,28-Mar-18 4:00:00 PM,41138,16,749.6,59,5
Italija,IT,Rim,28-Mar-18 4:00:00 PM,41138,16,749.6,59,5
Italija,IT,Rim,28-Mar-18 5:00:00 PM,43443,15,748.8,63,5
Italija,IT,Rim,28-Mar-18 5:00:00 PM,43443,16,749.6,55,5
Italija,IT,Rim,28-Mar-18 6:00:00 PM,44759,14,749.6,67,6
Italija,IT,Rim,28-Mar-18 6:00:00 PM,44759,15,748.8,63,5
Italija,IT,Rim,28-Mar-18 7:00:00 PM,41794,13,749.5,77,5
Italija,IT,Rim,28-Mar-18 7:00:00 PM,41794,13,749.5,77,5
Italija,IT,Rim,28-Mar-18 8:00:00 PM,37558,12,749.5,82,5
Italija,IT,Rim,28-Mar-18 8:00:00 PM,37558,12,749.5,82,5
Italija,IT,Rim,28-Mar-18 9:00:00 PM,33908,12,750.2,82,6
Italija,IT,Rim,28-Mar-18 9:00:00 PM,33908,12,749.5,82,5
Italija,IT,Rim,28-Mar-18 10:00:00 PM,30162,12,750.2,82,5
Italija,IT,Rim,28-Mar-18 10:00:00 PM,30162,11,750.2,88,4
Italija,IT,Rim,28-Mar-18 11:00:00 PM,28126,12,750.2,82,4
Italija,IT,Rim,28-Mar-18 11:00:00 PM,28126,12,749.5,82,5
Italija,IT,Rim,29-Mar-18 12:00:00 AM,27074,11,749.5,82,4
Italija,IT,Rim,29-Mar-18 12:00:00 AM,27074,11,750.2,88,4
Italija,IT,Rim,29-Mar-18 1:00:00 AM,26695,12,749.5,82,2
Italija,IT,Rim,29-Mar-18 1:00:00 AM,26695,12,749.5,77,4
Italija,IT,Rim,29-Mar-18 2:00:00 AM,26953,13,749.5,77,4
Italija,IT,Rim,29-Mar-18 2:00:00 AM,26953,13,749.5,77,4
Italija,IT,Rim,29-Mar-18 3:00:00 AM,28850,13,748.8,77,5
Italija,IT,Rim,29-Mar-18 3:00:00 AM,28850,13,749.5,77,5
Italija,IT,Rim,29-Mar-18 4:00:00 AM,34491,12,748.7,82,5
Italija,IT,Rim,29-Mar-18 5:00:00 AM,39569,12,748.7,82,5
Italija,IT,Rim,29-Mar-18 6:00:00 AM,45116,12,748.7,82,4
Italija,IT,Rim,29-Mar-18 6:00:00 AM,45116,12,748.7,82,4
Italija,IT,Rim,29-Mar-18 7:00:00 AM,47167,13,749.5,77,5
Italija,IT,Rim,29-Mar-18 7:00:00 AM,47167,13,749.5,77,5
Italija,IT,Rim,29-Mar-18 8:00:00 AM,47092,14,749.6,77,6
Italija,IT,Rim,29-Mar-18 8:00:00 AM,47092,13,749.5,82,6
Italija,IT,Rim,29-Mar-18 9:00:00 AM,46801,15,749.6,72,7
Italija,IT,Rim,29-Mar-18 9:00:00 AM,46801,14,749.6,77,6
Italija,IT,Rim,29-Mar-18 10:00:00 AM,43520,16,749.6,63,6
Italija,IT,Rim,29-Mar-18 10:00:00 AM,43520,16,749.6,68,5
Italija,IT,Rim,29-Mar-18 11:00:00 AM,43064,17,749.7,64,6
Italija,IT,Rim,29-Mar-18 11:00:00 AM,43064,17,749.7,59,6
Italija,IT,Rim,29-Mar-18 12:00:00 PM,43779,18,749.7,60,5
Italija,IT,Rim,29-Mar-18 12:00:00 PM,43779,18,749.7,56,6
Italija,IT,Rim,29-Mar-18 1:00:00 PM,43456,19,749.7,60,6
Italija,IT,Rim,29-Mar-18 1:00:00 PM,43456,18,749.7,64,6
Italija,IT,Rim,29-Mar-18 2:00:00 PM,42825,18,748.9,60,6
Italija,IT,Rim,29-Mar-18 2:00:00 PM,42825,18,749.7,60,6
Italija,IT,Rim,29-Mar-18 3:00:00 PM,41781,18,748.9,60,6
Italija,IT,Rim,29-Mar-18 3:00:00 PM,41781,18,748.9,60,6
Italija,IT,Rim,29-Mar-18 4:00:00 PM,41164,18,748.4,60,6
Italija,IT,Rim,29-Mar-18 4:00:00 PM,41164,17,748.4,64,7
Italija,IT,Rim,29-Mar-18 5:00:00 PM,42699,17,748.4,64,6
Italija,IT,Rim,29-Mar-18 5:00:00 PM,42699,18,748.4,60,6
Italija,IT,Rim,29-Mar-18 6:00:00 PM,44113,16,748.9,72,6
Italija,IT,Rim,29-Mar-18 6:00:00 PM,44113,16,748.9,72,7
Italija,IT,Rim,29-Mar-18 7:00:00 PM,41188,14,748.3,72,8
Italija,IT,Rim,29-Mar-18 7:00:00 PM,41188,15,748.3,72,8
Italija,IT,Rim,29-Mar-18 8:00:00 PM,37321,14,748.8,77,5
Italija,IT,Rim,29-Mar-18 8:00:00 PM,37321,14,748.3,72,7
Italija,IT,Rim,29-Mar-18 9:00:00 PM,33733,13,749.5,82,6
Italija,IT,Rim,29-Mar-18 9:00:00 PM,33733,13,749.5,82,6
Italija,IT,Rim,29-Mar-18 10:00:00 PM,29941,13,748.8,82,8
Italija,IT,Rim,29-Mar-18 10:00:00 PM,29941,13,749.5,82,7
Italija,IT,Rim,29-Mar-18 11:00:00 PM,27765,14,748.8,72,6
Italija,IT,Rim,29-Mar-18 11:00:00 PM,27765,13,748.8,82,7
Italija,IT,Rim,30-Mar-18 12:00:00 AM,26559,13,748.8,77,8
Italija,IT,Rim,30-Mar-18 12:00:00 AM,26559,14,748.8,67,6